Workbook

Sheet TABELA
A1: RESULTADOS OFICIAIS - PARTICIPANTES (PONTUAÇÃO)
D3: OFICIAL | I3: COLOCAÇÃO | J3: Nº TABELA | K3: PARTICIPANTE | L3: Pontuação total
A4: 46201 | B4: 0.66666667 | C4: Africa do Sul | D4: 0 | E4: x | F4: 1 | G4: Canadá | H4: A | I4: 1º | J4: 1 | K4: Felipe Barros | L4: ='T (1)'!K111 -> 11
A5: 46202 | B5: 0.58333333 | C5: Brasil | D5: 2 | E5: x | F5: 1 | G5: Japão | I5: 2º | J5: 2 | K5: Erick Maia | L5: ='T (2)'!K111 -> 11
A6: 46202 | B6: 0.72916667 | C6: Alemanha | D6: 1 | E6: x | F6: 1 | G6: Paraguai | I6: 3º | J6: 3 | K6: Ana Beatriz | L6: ='T (3)'!K111 -> 23
A7: 46202 | B7: 0.91666667 | C7: Holanda | D7: 1 | E7: x | F7: 1 | G7: Marrocos | I7: 4º | J7: 4 | K7: André Siqueira | L7: ='T (4)'!K111 -> 16
A8: 46203 | B8: 0.58333333 | C8: Cost. do Marf. | D8: n | E8: x | F8: d | G8: Noruega | I8: 5º | J8: 5 | K8: Nelson Mota | L8: ='T (5)'!K111 -> 14
A9: 46203 | B9: 0.75 | C9: França | D9: n | E9: x | F9: d | G9: Suécia | I9: 6º | J9: 6 | K9: Marco Túlio | L9: ='T (6)'!K111 -> 14
I10: 7º | J10: 7 | K10: Rogério Siqueira | L10: ='T (7)'!K111 -> 18
A11: 46203 | B11: 0.91666667 | C11: México | D11: n | E11: x | F11: d | G11: Equador | H11: B | I11: 8º | J11: 8 | K11: Andrea Mariz | L11: ='T (8)'!K111 -> 18
A12: 46204 | B12: 0.54166667 | C12: Inglaterra | D12: n | E12: x | F12: d | G12: Congo | I12: 9º | J12: 9 | K12: Verônica Bezerra | L12: ='T (9)'!K111 -> 13
A13: 46204 | B13: 0.70833333 | C13: Bélgica | D13: n | E13: x | F13: d | G13: Senegal | I13: 10º | J13: 10 | K13: Alberto Chocrón | L13: ='T (10)'!K111 -> 18
A14: 46204 | B14: 0.875 | C14: Estados Unidos | D14: n | E14: x | F14: d | G14: Bósnia | I14: 11º | J14: 11 | K14: Marco Holder | L14: ='T (11)'!K111 -> 16
A15: 46205 | B15: 0.66666667 | C15: Espanha | D15: n | E15: x | F15: d | G15: Áustria | I15: 12º | J15: 12 | K15: Norivaldo Júnior | L15: ='T (12)'!K111 -> 17
A16: 46205 | B16: 0.83333333 | C16: Portugal | D16: n | E16: x | F16: d | G16: Croácia | I16: 13º | J16: 13 | K16: Marco Aurélio | L16: ='T (13)'!K111 -> 20
I17: 14º | J17: 14 | K17: Gustavo Torres | L17: ='T (14)'!K111 -> 21
A18: 46206 | B18: 0 | C18: Suíça | D18: n | E18: x | F18: d | G18: Argélia | H18: C | I18: 15º | J18: 15 | K18: Everton Martins | L18: ='T (15)'!K111 -> 21
I19: 16º | J19: 16 | K19: Éverton Amaral | L19: ='T (16)'!K111 -> 21
A20: 46206 | B20: 0.625 | C20: Austrália | D20: n | E20: x | F20: d | G20: Egito | I20: 17º | J20: 17 | K20: Miguel Amaral | L20: ='T (17)'!K111 -> 16
I21: 18º | J21: 18 | K21: João Vinícius | L21: ='T (18)'!K111 -> 12
A22: 46206 | B22: 0.79166667 | C22: Argentina | D22: n | E22: x | F22: d | G22: Cabo Verde | I22: 19º | J22: 19 | K22: Luciana D´Assunção | L22: ='T (19)'!K111 -> 15
I23: 20º | J23: 20 | K23: Marco Aurélio | L23: ='T (20)'!K111 -> 20
A24: 46206 | B24: 0.9375 | C24: Colômbia | D24: n | E24: x | F24: d | G24: Gana | I24: 21º | J24: 21 | K24: Heitor Medeiros | L24: ='T (21)'!K111 -> 15
I25: 22º | J25: 22 | K25: Joselito Batista | L25: ='T (22)'!K111 -> 15
A26: 46207 | B26: 0.58333333 | E26: x | I26: 23º | J26: 23 | K26: Joan Nunes | L26: ='T (23)'!K111 -> 18
I27: 24º | J27: 24 | K27: Paulo Melo | L27: ='T (24)'!K111 -> 18
A28: 46207 | B28: 0.75 | E28: x | I28: 25º | J28: 25 | K28: Jarley Jerônimo | L28: ='T (25)'!K111 -> 20
I29: 26º | J29: 26 | K29: Ana Kathleen | L29: ='T (26)'!K111 -> 19
I30: 27º | J30: 27 | K30: Fernanda Beatriz | L30: ='T (27)'!K111 -> 16
A31: 46208 | B31: 0.70833333 | E31: x | H31: D | I31: 28º | J31: 28 | K31: Arthur Mariz | L31: ='T (28)'!K111 -> 14
I32: 29º | J32: 29 | K32: Larissa Mariz | L32: ='T (29)'!K111 -> 16
A33: 46208 | B33: 0.875 | E33: x | I33: 30º | J33: 30 | K33: Francisco de Assis | L33: ='T (30)'!K111 -> 12
I34: 31º | J34: 31 | K34: Rommel Leite | L34: ='T (31)'!K111 -> 18
A35: 46209 | B35: 0.66666667 | E35: x | I35: 32º | J35: 32 | K35: Marcelo Jacinto | L35: ='T (32)'!K111 -> 25
I36: 33º | J36: 33 | K36: Nelson Henrique | L36: ='T (33)'!K111 -> 11
A37: 46209 | B37: 0.875 | E37: x | I37: 34º | J37: 34 | K37: José Carlos | L37: ='T (34)'!K111 -> 11
I38: 35º | J38: 35 | K38: Alber Garcia | L38: ='T (35)'!K111 -> 14
A39: 46210 | B39: 0.54166667 | E39: x | I39: 36º | J39: 36 | K39: Victor Hugo | L39: ='T (36)'!K111 -> 17
I40: 37º | J40: 37 | K40: Norman George | L40: ='T (37)'!K111 -> 21
A41: 46210 | B41: 0.70833333 | E41: x | I41: 38º | J41: 38 | K41: Luiz Felipe | L41: ='T (38)'!K111 -> 19
I42: 39º | J42: 39 | K42: Leonardo Mota | L42: ='T (39)'!K111 -> 14
I43: 40º | J43: 40 | K43: Geovanni Ricardo | L43: ='T (40)'!K111 -> 10
A44: 46212 | B44: 0.70833333 | E44: x | H44: E | I44: 41º | J44: 41 | K44: Allan Vantuir | L44: ='T (41)'!K111 -> 14
I45: 42º | J45: 42 | K45: Augusto Rodrigues | L45: ='T (42)'!K111 -> 16
A46: 46213 | B46: 0.66666667 | E46: x | I46: 43º | J46: 43 | K46: Joab Lourenço | L46: ='T (43)'!K111 -> 16
I47: 44º | J47: 44 | K47: Bruno Mariz | L47: ='T (44)'!K111 -> 17
A48: 46214 | B48: 0.75 | E48: x | I48: 45º | J48: 45 | K48: João Pedro Siqueira | L48: ='T (45)'!K111 -> 14
I49: 46º | J49: 46 | K49: Álvaro Gouveia | L49: ='T (46)'!K111 -> 18
A50: 46214 | B50: 0.91666667 | E50: x | I50: 47º | J50: 47 | K50: Fernando Oliveira | L50: ='T (47)'!K111 -> 13
I51: 48º | J51: 48 | K51: Alzira Praxedes | L51: ='T (48)'!K111 -> 15
A52: 46217 | B52: 0.66666667 | E52: x | I52: 49º | J52: 49 | K52: Idalécio Júnior | L52: ='T (49)'!K111 -> 16
I53: 50º | J53: 50 | K53: Paulo Roger | L53: ='T (50)'!K111 -> 7
A54: 46218 | B54: 0.66666667 | E54: x | I54: 51º | J54: 51 | K54: Ingrid Siqueira | L54: ='T (51)'!K111 -> 14
I55: 52º | J55: 52 | K55: Pedro Tavares | L55: ='T (52)'!K111 -> 23
I56: 53º | J56: 53 | K56: Rafael Patriota | L56: ='T (53)'!K111 -> 16
A57: 46221 | B57: 0.75 | E57: x | H57: F | I57: 54º | J57: 54 | K57: Francisco dos Santos | L57: ='T (54)'!K111 -> 14
A59: 46222 | B59: 0.66666667 | E59: x
E61: x
E63: x
E65: x
E67: x
E70: x | H70: G
E71: x
E72: x
E73: x
E74: x
E75: x
E77: x | H77: H
E78: x
E79: x
E80: x
E81: x
E82: x
E84: x | H84: I
E85: x
E86: x
E87: x
E88: x
E89: x
E91: x | H91: J
E92: x
E93: x
E94: x
E95: x
E96: x
E98: x | H98: K
E99: x
E100: x
E101: x
E102: x
E103: x
E105: x | H105: L
E106: x
E107: x
E108: x
E109: x
E110: x

Sheet T (1)
A1: Nome | C1: Felipe Barros | S1: empate | X1: vitoria A | AD1: Vitiria B
O2: ok | P2: ok
D3: PARTICIPANTE | H3: OFICIAL | K3: PONTOS
A4: =TABELA!A4 -> 46201 | B4: =TABELA!B4 -> 0.66666667 | C4: =TABELA!C4 -> Africa do Sul | D4: 0 | E4: x | F4: 2 | G4: =TABELA!G4 -> Canadá | H4: =TABELA!D4 -> 0 | I4: x | J4: =TABELA!F4 -> 1 | K4: =O4+P4+U4+AA4+AF4 -> 7 | L4: a | O4: =IF(D4=H4,2,0) -> 2 | P4: =IF(F4=J4,2,0) -> 0 | Q4: =IF(O4+P4=4,5,0) -> 0 | S4: =IF(D4=F4,1,0) -> 0 | T4: =IF(H4=J4,1,0) -> 0 | U4: =IF(S4+T4=2,5,0) -> 0 | V4: =IF(Q4=5,0,U4) -> 0 | X4: =IF(D4>F4,1,0) -> 0 | Y4: =IF(H4>J4,1,0) -> 0 | Z4: =IF(X4+Y4=2,5,0) -> 0 | AA4: =IF(H4="n",0,Z4) -> 0 | AB4: =IF(Q4=5,0,AA4) -> 0 | AD4: =IF(D4<F4,1,0) -> 1 | AE4: =IF(H4<J4,1,0) -> 1 | AF4: =IF(AD4+AE4=2,5,0) -> 5 | AG4: =IF(Q4=5,0,AF4) -> 5
A5: =TABELA!A5 -> 46202 | B5: =TABELA!B5 -> 0.58333333 | C5: =TABELA!C5 -> Brasil | D5: 1 | E5: x | F5: 2 | G5: =TABELA!G5 -> Japão | H5: =TABELA!D5 -> 2 | I5: x | J5: =TABELA!F5 -> 1 | K5: =O5+P5+U5+AA5+AF5 -> 0 | O5: =IF(D5=H5,2,0) -> 0 | P5: =IF(F5=J5,2,0) -> 0 | Q5: =IF(O5+P5=4,5,0) -> 0 | S5: =IF(D5=F5,1,0) -> 0 | T5: =IF(H5=J5,1,0) -> 0 | U5: =IF(S5+T5=2,5,0) -> 0 | V5: =IF(Q5=5,0,U5) -> 0 | X5: =IF(D5>F5,1,0) -> 0 | Y5: =IF(H5>J5,1,0) -> 1 | Z5: =IF(X5+Y5=2,5,0) -> 0 | AA5: =IF(H5="n",0,Z5) -> 0 | AB5: =IF(Q5=5,0,AA5) -> 0 | AD5: =IF(D5<F5,1,0) -> 1 | AE5: =IF(H5<J5,1,0) -> 0 | AF5: =IF(AD5+AE5=2,5,0) -> 0 | AG5: =IF(Q5=5,0,AF5) -> 0
A6: =TABELA!A6 -> 46202 | B6: =TABELA!B6 -> 0.72916667 | C6: =TABELA!C6 -> Alemanha | D6: 4 | E6: x | F6: 1 | G6: =TABELA!G6 -> Paraguai | H6: =TABELA!D6 -> 1 | I6: x | J6: =TABELA!F6 -> 1 | K6: =O6+P6+U6+AA6+AF6 -> 2 | O6: =IF(D6=H6,2,0) -> 0 | P6: =IF(F6=J6,2,0) -> 2 | Q6: =IF(O6+P6=4,5,0) -> 0 | S6: =IF(D6=F6,1,0) -> 0 | T6: =IF(H6=J6,1,0) -> 1 | U6: =IF(S6+T6=2,5,0) -> 0 | V6: =IF(Q6=5,0,U6) -> 0 | X6: =IF(D6>F6,1,0) -> 1 | Y6: =IF(H6>J6,1,0) -> 0 | Z6: =IF(X6+Y6=2,5,0) -> 0 | AA6: =IF(H6="n",0,Z6) -> 0 | AB6: =IF(Q6=5,0,AA6) -> 0 | AD6: =IF(D6<F6,1,0) -> 0 | AE6: =IF(H6<J6,1,0) -> 0 | AF6: =IF(AD6+AE6=2,5,0) -> 0 | AG6: =IF(Q6=5,0,AF6) -> 0
A7: =TABELA!A7 -> 46202 | B7: =TABELA!B7 -> 0.91666667 | C7: =TABELA!C7 -> Holanda | D7: 3 | E7: x | F7: 1 | G7: =TABELA!G7 -> Marrocos | H7: =TABELA!D7 -> 1 | I7: x | J7: =TABELA!F7 -> 1 | K7: =O7+P7+U7+AA7+AF7 -> 2 | O7: =IF(D7=H7,2,0) -> 0 | P7: =IF(F7=J7,2,0) -> 2 | Q7: =IF(O7+P7=4,5,0) -> 0 | S7: =IF(D7=F7,1,0) -> 0 | T7: =IF(H7=J7,1,0) -> 1 | U7: =IF(S7+T7=2,5,0) -> 0 | V7: =IF(Q7=5,0,U7) -> 0 | X7: =IF(D7>F7,1,0) -> 1 | Y7: =IF(H7>J7,1,0) -> 0 | Z7: =IF(X7+Y7=2,5,0) -> 0 | AA7: =IF(H7="n",0,Z7) -> 0 | AB7: =IF(Q7=5,0,AA7) -> 0 | AD7: =IF(D7<F7,1,0) -> 0 | AE7: =IF(H7<J7,1,0) -> 0 | AF7: =IF(AD7+AE7=2,5,0) -> 0 | AG7: =IF(Q7=5,0,AF7) -> 0
A8: =TABELA!A8 -> 46203 | B8: =TABELA!B8 -> 0.58333333 | C8: =TABELA!C8 -> Cost. do Marf. | D8: 1 | E8: x | F8: 2 | G8: =TABELA!G8 -> Noruega | H8: =TABELA!D8 -> n | I8: x | J8: =TABELA!F8 -> d | K8: =O8+P8+U8+AA8+AF8 -> 0 | O8: =IF(D8=H8,2,0) -> 0 | P8: =IF(F8=J8,2,0) -> 0 | Q8: =IF(O8+P8=4,5,0) -> 0 | S8: =IF(D8=F8,1,0) -> 0 | T8: =IF(H8=J8,1,0) -> 0 | U8: =IF(S8+T8=2,5,0) -> 0 | V8: =IF(Q8=5,0,U8) -> 0 | X8: =IF(D8>F8,1,0) -> 0 | Y8: =IF(H8>J8,1,0) -> 1 | Z8: =IF(X8+Y8=2,5,0) -> 0 | AA8: =IF(H8="n",0,Z8) -> 0 | AB8: =IF(Q8=5,0,AA8) -> 0 | AD8: =IF(D8<F8,1,0) -> 1 | AE8: =IF(H8<J8,1,0) -> 0 | AF8: =IF(AD8+AE8=2,5,0) -> 0 | AG8: =IF(Q8=5,0,AF8) -> 0
A9: =TABELA!A9 -> 46203 | B9: =TABELA!B9 -> 0.75 | C9: =TABELA!C9 -> França | D9: 3 | E9: x | F9: 0 | G9: =TABELA!G9 -> Suécia | H9: =TABELA!D9 -> n | I9: x | J9: =TABELA!F9 -> d | K9: =O9+P9+U9+AA9+AF9 -> 0 | O9: =IF(D9=H9,2,0) -> 0 | P9: =IF(F9=J9,2,0) -> 0 | Q9: =IF(O9+P9=4,5,0) -> 0 | S9: =IF(D9=F9,1,0) -> 0 | T9: =IF(H9=J9,1,0) -> 0 | U9: =IF(S9+T9=2,5,0) -> 0 | V9: =IF(Q9=5,0,U9) -> 0 | X9: =IF(D9>F9,1,0) -> 1 | Y9: =IF(H9>J9,1,0) -> 1 | Z9: =IF(X9+Y9=2,5,0) -> 5 | AA9: =IF(H9="n",0,Z9) -> 0 | AB9: =IF(Q9=5,0,AA9) -> 0 | AD9: =IF(D9<F9,1,0) -> 0 | AE9: =IF(H9<J9,1,0) -> 0 | AF9: =IF(AD9+AE9=2,5,0) -> 0 | AG9: =IF(Q9=5,0,AF9) -> 0
A11: =TABELA!A11 -> 46203 | B11: =TABELA!B11 -> 0.91666667 | C11: =TABELA!C11 -> México | D11: 1 | E11: x | F11: 2 | G11: =TABELA!G11 -> Equador | H11: =TABELA!D11 -> n | I11: x | J11: =TABELA!F11 -> d | K11: =O11+P11+U11+AA11+AF11 -> 0 | L11: B | O11: =IF(D11=H11,2,0) -> 0 | P11: =IF(F11=J11,2,0) -> 0 | Q11: =IF(O11+P11=4,5,0) -> 0 | S11: =IF(D11=F11,1,0) -> 0 | T11: =IF(H11=J11,1,0) -> 0 | U11: =IF(S11+T11=2,5,0) -> 0 | V11: =IF(Q11=5,0,U11) -> 0 | X11: =IF(D11>F11,1,0) -> 0 | Y11: =IF(H11>J11,1,0) -> 1 | Z11: =IF(X11+Y11=2,5,0) -> 0 | AA11: =IF(H11="n",0,Z11) -> 0 | AB11: =IF(Q11=5,0,AA11) -> 0 | AD11: =IF(D11<F11,1,0) -> 1 | AE11: =IF(H11<J11,1,0) -> 0 | AF11: =IF(AD11+AE11=2,5,0) -> 0 | AG11: =IF(Q11=5,0,AF11) -> 0
A12: =TABELA!A12 -> 46204 | B12: =TABELA!B12 -> 0.54166667 | C12: =TABELA!C12 -> Inglaterra | D12: 3 | E12: x | F12: 1 | G12: =TABELA!G12 -> Congo | H12: =TABELA!D12 -> n | I12: x | J12: =TABELA!F12 -> d | K12: =O12+P12+U12+AA12+AF12 -> 0 | O12: =IF(D12=H12,2,0) -> 0 | P12: =IF(F12=J12,2,0) -> 0 | Q12: =IF(O12+P12=4,5,0) -> 0 | S12: =IF(D12=F12,1,0) -> 0 | T12: =IF(H12=J12,1,0) -> 0 | U12: =IF(S12+T12=2,5,0) -> 0 | V12: =IF(Q12=5,0,U12) -> 0 | X12: =IF(D12>F12,1,0) -> 1 | Y12: =IF(H12>J12,1,0) -> 1 | Z12: =IF(X12+Y12=2,5,0) -> 5 | AA12: =IF(H12="n",0,Z12) -> 0 | AB12: =IF(Q12=5,0,AA12) -> 0 | AD12: =IF(D12<F12,1,0) -> 0 | AE12: =IF(H12<J12,1,0) -> 0 | AF12: =IF(AD12+AE12=2,5,0) -> 0 | AG12: =IF(Q12=5,0,AF12) -> 0
A13: =TABELA!A13 -> 46204 | B13: =TABELA!B13 -> 0.70833333 | C13: =TABELA!C13 -> Bélgica | D13: 1 | E13: x | F13: 2 | G13: =TABELA!G13 -> Senegal | H13: =TABELA!D13 -> n | I13: x | J13: =TABELA!F13 -> d | K13: =O13+P13+U13+AA13+AF13 -> 0 | O13: =IF(D13=H13,2,0) -> 0 | P13: =IF(F13=J13,2,0) -> 0 | Q13: =IF(O13+P13=4,5,0) -> 0 | S13: =IF(D13=F13,1,0) -> 0 | T13: =IF(H13=J13,1,0) -> 0 | U13: =IF(S13+T13=2,5,0) -> 0 | V13: =IF(Q13=5,0,U13) -> 0 | X13: =IF(D13>F13,1,0) -> 0 | Y13: =IF(H13>J13,1,0) -> 1 | Z13: =IF(X13+Y13=2,5,0) -> 0 | AA13: =IF(H13="n",0,Z13) -> 0 | AB13: =IF(Q13=5,0,AA13) -> 0 | AD13: =IF(D13<F13,1,0) -> 1 | AE13: =IF(H13<J13,1,0) -> 0 | AF13: =IF(AD13+AE13=2,5,0) -> 0 | AG13: =IF(Q13=5,0,AF13) -> 0
A14: =TABELA!A14 -> 46204 | B14: =TABELA!B14 -> 0.875 | C14: =TABELA!C14 -> Estados Unidos | D14: 3 | E14: x | F14: 0 | G14: =TABELA!G14 -> Bósnia | H14: =TABELA!D14 -> n | I14: x | J14: =TABELA!F14 -> d | K14: =O14+P14+U14+AA14+AF14 -> 0 | O14: =IF(D14=H14,2,0) -> 0 | P14: =IF(F14=J14,2,0) -> 0 | Q14: =IF(O14+P14=4,5,0) -> 0 | S14: =IF(D14=F14,1,0) -> 0 | T14: =IF(H14=J14,1,0) -> 0 | U14: =IF(S14+T14=2,5,0) -> 0 | V14: =IF(Q14=5,0,U14) -> 0 | X14: =IF(D14>F14,1,0) -> 1 | Y14: =IF(H14>J14,1,0) -> 1 | Z14: =IF(X14+Y14=2,5,0) -> 5 | AA14: =IF(H14="n",0,Z14) -> 0 | AB14: =IF(Q14=5,0,AA14) -> 0 | AD14: =IF(D14<F14,1,0) -> 0 | AE14: =IF(H14<J14,1,0) -> 0 | AF14: =IF(AD14+AE14=2,5,0) -> 0 | AG14: =IF(Q14=5,0,AF14) -> 0
A15: =TABELA!A15 -> 46205 | B15: =TABELA!B15 -> 0.66666667 | C15: Espanha | D15: 2 | E15: x | F15: 0 | G15: =TABELA!G15 -> Áustria | H15: =TABELA!D15 -> n | I15: x | J15: =TABELA!F15 -> d | K15: =O15+P15+U15+AA15+AF15 -> 0 | O15: =IF(D15=H15,2,0) -> 0 | P15: =IF(F15=J15,2,0) -> 0 | Q15: =IF(O15+P15=4,5,0) -> 0 | S15: =IF(D15=F15,1,0) -> 0 | T15: =IF(H15=J15,1,0) -> 0 | U15: =IF(S15+T15=2,5,0) -> 0 | V15: =IF(Q15=5,0,U15) -> 0 | X15: =IF(D15>F15,1,0) -> 1 | Y15: =IF(H15>J15,1,0) -> 1 | Z15: =IF(X15+Y15=2,5,0) -> 5 | AA15: =IF(H15="n",0,Z15) -> 0 | AB15: =IF(Q15=5,0,AA15) -> 0 | AD15: =IF(D15<F15,1,0) -> 0 | AE15: =IF(H15<J15,1,0) -> 0 | AF15: =IF(AD15+AE15=2,5,0) -> 0 | AG15: =IF(Q15=5,0,AF15) -> 0
A16: =TABELA!A16 -> 46205 | B16: =TABELA!B16 -> 0.83333333 | C16: =TABELA!C16 -> Portugal | D16: 3 | E16: x | F16: 1 | G16: =TABELA!G16 -> Croácia | H16: =TABELA!D16 -> n | I16: x | J16: =TABELA!F16 -> d | K16: =O16+P16+U16+AA16+AF16 -> 0 | O16: =IF(D16=H16,2,0) -> 0 | P16: =IF(F16=J16,2,0) -> 0 | Q16: =IF(O16+P16=4,5,0) -> 0 | S16: =IF(D16=F16,1,0) -> 0 | T16: =IF(H16=J16,1,0) -> 0 | U16: =IF(S16+T16=2,5,0) -> 0 | V16: =IF(Q16=5,0,U16) -> 0 | X16: =IF(D16>F16,1,0) -> 1 | Y16: =IF(H16>J16,1,0) -> 1 | Z16: =IF(X16+Y16=2,5,0) -> 5 | AA16: =IF(H16="n",0,Z16) -> 0 | AB16: =IF(Q16=5,0,AA16) -> 0 | AD16: =IF(D16<F16,1,0) -> 0 | AE16: =IF(H16<J16,1,0) -> 0 | AF16: =IF(AD16+AE16=2,5,0) -> 0 | AG16: =IF(Q16=5,0,AF16) -> 0
A18: =TABELA!A18 -> 46206 | B18: =TABELA!B18 -> 0 | C18: =TABELA!C18 -> Suíça | D18: 2 | E18: x | F18: 1 | G18: =TABELA!G18 -> Argélia | H18: =TABELA!D18 -> n | I18: x | J18: =TABELA!F18 -> d | K18: =O18+P18+U18+AA18+AF18 -> 0 | L18: C | O18: =IF(D18=H18,2,0) -> 0 | P18: =IF(F18=J18,2,0) -> 0 | Q18: =IF(O18+P18=4,5,0) -> 0 | S18: =IF(D18=F18,1,0) -> 0 | T18: =IF(H18=J18,1,0) -> 0 | U18: =IF(S18+T18=2,5,0) -> 0 | V18: =IF(Q18=5,0,U18) -> 0 | X18: =IF(D18>F18,1,0) -> 1 | Y18: =IF(H18>J18,1,0) -> 1 | Z18: =IF(X18+Y18=2,5,0) -> 5 | AA18: =IF(H18="n",0,Z18) -> 0 | AB18: =IF(Q18=5,0,AA18) -> 0 | AD18: =IF(D18<F18,1,0) -> 0 | AE18: =IF(H18<J18,1,0) -> 0 | AF18: =IF(AD18+AE18=2,5,0) -> 0 | AG18: =IF(Q18=5,0,AF18) -> 0
A20: =TABELA!A20 -> 46206 | B20: =TABELA!B20 -> 0.625 | C20: =TABELA!C20 -> Austrália | D20: 2 | E20: x | F20: 2 | G20: =TABELA!G20 -> Egito | H20: =TABELA!D20 -> n | I20: x | J20: =TABELA!F20 -> d | K20: =O20+P20+U20+AA20+AF20 -> 0 | O20: =IF(D20=H20,2,0) -> 0 | P20: =IF(F20=J20,2,0) -> 0 | Q20: =IF(O20+P20=4,5,0) -> 0 | S20: =IF(D20=F20,1,0) -> 1 | T20: =IF(H20=J20,1,0) -> 0 | U20: =IF(S20+T20=2,5,0) -> 0 | V20: =IF(Q20=5,0,U20) -> 0 | X20: =IF(D20>F20,1,0) -> 0 | Y20: =IF(H20>J20,1,0) -> 1 | Z20: =IF(X20+Y20=2,5,0) -> 0 | AA20: =IF(H20="n",0,Z20) -> 0 | AB20: =IF(Q20=5,0,AA20) -> 0 | AD20: =IF(D20<F20,1,0) -> 0 | AE20: =IF(H20<J20,1,0) -> 0 | AF20: =IF(AD20+AE20=2,5,0) -> 0 | AG20: =IF(Q20=5,0,AF20) -> 0
A22: =TABELA!A22 -> 46206 | B22: =TABELA!B22 -> 0.79166667 | C22: =TABELA!C22 -> Argentina | D22: 4 | E22: x | F22: 1 | G22: =TABELA!G22 -> Cabo Verde | H22: =TABELA!D22 -> n | I22: x | J22: =TABELA!F22 -> d | K22: =O22+P22+U22+AA22+AF22 -> 0 | O22: =IF(D22=H22,2,0) -> 0 | P22: =IF(F22=J22,2,0) -> 0 | Q22: =IF(O22+P22=4,5,0) -> 0 | S22: =IF(D22=F22,1,0) -> 0 | T22: =IF(H22=J22,1,0) -> 0 | U22: =IF(S22+T22=2,5,0) -> 0 | V22: =IF(Q22=5,0,U22) -> 0 | X22: =IF(D22>F22,1,0) -> 1 | Y22: =IF(H22>J22,1,0) -> 1 | Z22: =IF(X22+Y22=2,5,0) -> 5 | AA22: =IF(H22="n",0,Z22) -> 0 | AB22: =IF(Q22=5,0,AA22) -> 0 | AD22: =IF(D22<F22,1,0) -> 0 | AE22: =IF(H22<J22,1,0) -> 0 | AF22: =IF(AD22+AE22=2,5,0) -> 0 | AG22: =IF(Q22=5,0,AF22) -> 0
A24: =TABELA!A24 -> 46206 | B24: =TABELA!B24 -> 0.9375 | C24: Colômbia | D24: 1 | E24: x | F24: 2 | G24: Gana | H24: =TABELA!D24 -> n | I24: x | J24: =TABELA!F24 -> d | K24: =O24+P24+U24+AA24+AF24 -> 0 | O24: =IF(D24=H24,2,0) -> 0 | P24: =IF(F24=J24,2,0) -> 0 | Q24: =IF(O24+P24=4,5,0) -> 0 | S24: =IF(D24=F24,1,0) -> 0 | T24: =IF(H24=J24,1,0) -> 0 | U24: =IF(S24+T24=2,5,0) -> 0 | V24: =IF(Q24=5,0,U24) -> 0 | X24: =IF(D24>F24,1,0) -> 0 | Y24: =IF(H24>J24,1,0) -> 1 | Z24: =IF(X24+Y24=2,5,0) -> 0 | AA24: =IF(H24="n",0,Z24) -> 0 | AB24: =IF(Q24=5,0,AA24) -> 0 | AD24: =IF(D24<F24,1,0) -> 1 | AE24: =IF(H24<J24,1,0) -> 0 | AF24: =IF(AD24+AE24=2,5,0) -> 0 | AG24: =IF(Q24=5,0,AF24) -> 0
A26: 46207 | B26: 0.58333333 | E26: x | H26: n | I26: x | J26: d | K26: =O26+P26+U26+AA26+AF26 -> 0 | O26: =IF(D26=H26,2,0) -> 0 | P26: =IF(F26=J26,2,0) -> 0 | Q26: =IF(O26+P26=4,5,0) -> 0 | S26: =IF(D26=F26,1,0) -> 1 | T26: =IF(H26=J26,1,0) -> 0 | U26: =IF(S26+T26=2,5,0) -> 0 | V26: =IF(Q26=5,0,U26) -> 0 | X26: =IF(D26>F26,1,0) -> 0 | Y26: =IF(H26>J26,1,0) -> 1 | Z26: =IF(X26+Y26=2,5,0) -> 0 | AA26: =IF(H26="n",0,Z26) -> 0 | AB26: =IF(Q26=5,0,AA26) -> 0 | AD26: =IF(D26<F26,1,0) -> 0 | AE26: =IF(H26<J26,1,0) -> 0 | AF26: =IF(AD26+AE26=2,5,0) -> 0 | AG26: =IF(Q26=5,0,AF26) -> 0
A28: 46207 | B28: 0.75 | E28: x | H28: n | I28: x | J28: d | K28: =O28+P28+U28+AA28+AF28 -> 0 | O28: =IF(D28=H28,2,0) -> 0 | P28: =IF(F28=J28,2,0) -> 0 | Q28: =IF(O28+P28=4,5,0) -> 0 | S28: =IF(D28=F28,1,0) -> 1 | T28: =IF(H28=J28,1,0) -> 0 | U28: =IF(S28+T28=2,5,0) -> 0 | V28: =IF(Q28=5,0,U28) -> 0 | X28: =IF(D28>F28,1,0) -> 0 | Y28: =IF(H28>J28,1,0) -> 1 | Z28: =IF(X28+Y28=2,5,0) -> 0 | AA28: =IF(H28="n",0,Z28) -> 0 | AB28: =IF(Q28=5,0,AA28) -> 0 | AD28: =IF(D28<F28,1,0) -> 0 | AE28: =IF(H28<J28,1,0) -> 0 | AF28: =IF(AD28+AE28=2,5,0) -> 0 | AG28: =IF(Q28=5,0,AF28) -> 0
A31: 46208 | B31: 0.70833333 | E31: x | H31: n | I31: x | J31: d | K31: =O31+P31+U31+AA31+AF31 -> 0 | L31: D | O31: =IF(D31=H31,2,0) -> 0 | P31: =IF(F31=J31,2,0) -> 0 | Q31: =IF(O31+P31=4,5,0) -> 0 | S31: =IF(D31=F31,1,0) -> 1 | T31: =IF(H31=J31,1,0) -> 0 | U31: =IF(S31+T31=2,5,0) -> 0 | V31: =IF(Q31=5,0,U31) -> 0 | X31: =IF(D31>F31,1,0) -> 0 | Y31: =IF(H31>J31,1,0) -> 1 | Z31: =IF(X31+Y31=2,5,0) -> 0 | AA31: =IF(H31="n",0,Z31) -> 0 | AB31: =IF(Q31=5,0,AA31) -> 0 | AD31: =IF(D31<F31,1,0) -> 0 | AE31: =IF(H31<J31,1,0) -> 0 | AF31: =IF(AD31+AE31=2,5,0) -> 0 | AG31: =IF(Q31=5,0,AF31) -> 0
A33: 46208 | B33: 0.875 | E33: x | H33: n | I33: x | J33: d | K33: =O33+P33+U33+AA33+AF33 -> 0 | O33: =IF(D33=H33,2,0) -> 0 | P33: =IF(F33=J33,2,0) -> 0 | Q33: =IF(O33+P33=4,5,0) -> 0 | S33: =IF(D33=F33,1,0) -> 1 | T33: =IF(H33=J33,1,0) -> 0 | U33: =IF(S33+T33=2,5,0) -> 0 | V33: =IF(Q33=5,0,U33) -> 0 | X33: =IF(D33>F33,1,0) -> 0 | Y33: =IF(H33>J33,1,0) -> 1 | Z33: =IF(X33+Y33=2,5,0) -> 0 | AA33: =IF(H33="n",0,Z33) -> 0 | AB33: =IF(Q33=5,0,AA33) -> 0 | AD33: =IF(D33<F33,1,0) -> 0 | AE33: =IF(H33<J33,1,0) -> 0 | AF33: =IF(AD33+AE33=2,5,0) -> 0 | AG33: =IF(Q33=5,0,AF33) -> 0
A35: 46209 | B35: 0.66666667 | E35: x | H35: n | I35: x | J35: d | K35: =O35+P35+U35+AA35+AF35 -> 0 | O35: =IF(D35=H35,2,0) -> 0 | P35: =IF(F35=J35,2,0) -> 0 | Q35: =IF(O35+P35=4,5,0) -> 0 | S35: =IF(D35=F35,1,0) -> 1 | T35: =IF(H35=J35,1,0) -> 0 | U35: =IF(S35+T35=2,5,0) -> 0 | V35: =IF(Q35=5,0,U35) -> 0 | X35: =IF(D35>F35,1,0) -> 0 | Y35: =IF(H35>J35,1,0) -> 1 | Z35: =IF(X35+Y35=2,5,0) -> 0 | AA35: =IF(H35="n",0,Z35) -> 0 | AB35: =IF(Q35=5,0,AA35) -> 0 | AD35: =IF(D35<F35,1,0) -> 0 | AE35: =IF(H35<J35,1,0) -> 0 | AF35: =IF(AD35+AE35=2,5,0) -> 0 | AG35: =IF(Q35=5,0,AF35) -> 0
A37: 46209 | B37: 0.875 | E37: x | H37: n | I37: x | J37: d | K37: =O37+P37+U37+AA37+AF37 -> 0 | O37: =IF(D37=H37,2,0) -> 0 | P37: =IF(F37=J37,2,0) -> 0 | Q37: =IF(O37+P37=4,5,0) -> 0 | S37: =IF(D37=F37,1,0) -> 1 | T37: =IF(H37=J37,1,0) -> 0 | U37: =IF(S37+T37=2,5,0) -> 0 | V37: =IF(Q37=5,0,U37) -> 0 | X37: =IF(D37>F37,1,0) -> 0 | Y37: =IF(H37>J37,1,0) -> 1 | Z37: =IF(X37+Y37=2,5,0) -> 0 | AA37: =IF(H37="n",0,Z37) -> 0 | AB37: =IF(Q37=5,0,AA37) -> 0 | AD37: =IF(D37<F37,1,0) -> 0 | AE37: =IF(H37<J37,1,0) -> 0 | AF37: =IF(AD37+AE37=2,5,0) -> 0 | AG37: =IF(Q37=5,0,AF37) -> 0
A39: 46210 | B39: 0.54166667 | E39: x | H39: n | I39: x | J39: d | K39: =O39+P39+U39+AA39+AF39 -> 0 | O39: =IF(D39=H39,2,0) -> 0 | P39: =IF(F39=J39,2,0) -> 0 | Q39: =IF(O39+P39=4,5,0) -> 0 | S39: =IF(D39=F39,1,0) -> 1 | T39: =IF(H39=J39,1,0) -> 0 | U39: =IF(S39+T39=2,5,0) -> 0 | V39: =IF(Q39=5,0,U39) -> 0 | X39: =IF(D39>F39,1,0) -> 0 | Y39: =IF(H39>J39,1,0) -> 1 | Z39: =IF(X39+Y39=2,5,0) -> 0 | AA39: =IF(H39="n",0,Z39) -> 0 | AB39: =IF(Q39=5,0,AA39) -> 0 | AD39: =IF(D39<F39,1,0) -> 0 | AE39: =IF(H39<J39,1,0) -> 0 | AF39: =IF(AD39+AE39=2,5,0) -> 0 | AG39: =IF(Q39=5,0,AF39) -> 0
A41: 46210 | B41: 0.70833333 | E41: x | H41: n | I41: x | J41: d | K41: =O41+P41+U41+AA41+AF41 -> 0 | O41: =IF(D41=H41,2,0) -> 0 | P41: =IF(F41=J41,2,0) -> 0 | Q41: =IF(O41+P41=4,5,0) -> 0 | S41: =IF(D41=F41,1,0) -> 1 | T41: =IF(H41=J41,1,0) -> 0 | U41: =IF(S41+T41=2,5,0) -> 0 | V41: =IF(Q41=5,0,U41) -> 0 | X41: =IF(D41>F41,1,0) -> 0 | Y41: =IF(H41>J41,1,0) -> 1 | Z41: =IF(X41+Y41=2,5,0) -> 0 | AA41: =IF(H41="n",0,Z41) -> 0 | AB41: =IF(Q41=5,0,AA41) -> 0 | AD41: =IF(D41<F41,1,0) -> 0 | AE41: =IF(H41<J41,1,0) -> 0 | AF41: =IF(AD41+AE41=2,5,0) -> 0 | AG41: =IF(Q41=5,0,AF41) -> 0
A44: 46212 | B44: 0.70833333 | E44: x | H44: n | I44: x | J44: d | K44: =O44+P44+U44+AA44+AF44 -> 0 | L44: E | O44: =IF(D44=H44,2,0) -> 0 | P44: =IF(F44=J44,2,0) -> 0 | Q44: =IF(O44+P44=4,5,0) -> 0 | S44: =IF(D44=F44,1,0) -> 1 | T44: =IF(H44=J44,1,0) -> 0 | U44: =IF(S44+T44=2,5,0) -> 0 | V44: =IF(Q44=5,0,U44) -> 0 | X44: =IF(D44>F44,1,0) -> 0 | Y44: =IF(H44>J44,1,0) -> 1 | Z44: =IF(X44+Y44=2,5,0) -> 0 | AA44: =IF(H44="n",0,Z44) -> 0 | AB44: =IF(Q44=5,0,AA44) -> 0 | AD44: =IF(D44<F44,1,0) -> 0 | AE44: =IF(H44<J44,1,0) -> 0 | AF44: =IF(AD44+AE44=2,5,0) -> 0 | AG44: =IF(Q44=5,0,AF44) -> 0
A46: 46213 | B46: 0.66666667 | E46: x | H46: n | I46: x | J46: d | K46: =O46+P46+U46+AA46+AF46 -> 0 | O46: =IF(D46=H46,2,0) -> 0 | P46: =IF(F46=J46,2,0) -> 0 | Q46: =IF(O46+P46=4,5,0) -> 0 | S46: =IF(D46=F46,1,0) -> 1 | T46: =IF(H46=J46,1,0) -> 0 | U46: =IF(S46+T46=2,5,0) -> 0 | V46: =IF(Q46=5,0,U46) -> 0 | X46: =IF(D46>F46,1,0) -> 0 | Y46: =IF(H46>J46,1,0) -> 1 | Z46: =IF(X46+Y46=2,5,0) -> 0 | AA46: =IF(H46="n",0,Z46) -> 0 | AB46: =IF(Q46=5,0,AA46) -> 0 | AD46: =IF(D46<F46,1,0) -> 0 | AE46: =IF(H46<J46,1,0) -> 0 | AF46: =IF(AD46+AE46=2,5,0) -> 0 | AG46: =IF(Q46=5,0,AF46) -> 0
A48: 46214 | B48: 0.75 | E48: x | H48: n | I48: x | J48: d | K48: =O48+P48+U48+AA48+AF48 -> 0 | O48: =IF(D48=H48,2,0) -> 0 | P48: =IF(F48=J48,2,0) -> 0 | Q48: =IF(O48+P48=4,5,0) -> 0 | S48: =IF(D48=F48,1,0) -> 1 | T48: =IF(H48=J48,1,0) -> 0 | U48: =IF(S48+T48=2,5,0) -> 0 | V48: =IF(Q48=5,0,U48) -> 0 | X48: =IF(D48>F48,1,0) -> 0 | Y48: =IF(H48>J48,1,0) -> 1 | Z48: =IF(X48+Y48=2,5,0) -> 0 | AA48: =IF(H48="n",0,Z48) -> 0 | AB48: =IF(Q48=5,0,AA48) -> 0 | AD48: =IF(D48<F48,1,0) -> 0 | AE48: =IF(H48<J48,1,0) -> 0 | AF48: =IF(AD48+AE48=2,5,0) -> 0 | AG48: =IF(Q48=5,0,AF48) -> 0
A50: 46214 | B50: 0.91666667 | E50: x | H50: n | I50: x | J50: d | K50: =O50+P50+U50+AA50+AF50 -> 0 | O50: =IF(D50=H50,2,0) -> 0 | P50: =IF(F50=J50,2,0) -> 0 | Q50: =IF(O50+P50=4,5,0) -> 0 | S50: =IF(D50=F50,1,0) -> 1 | T50: =IF(H50=J50,1,0) -> 0 | U50: =IF(S50+T50=2,5,0) -> 0 | V50: =IF(Q50=5,0,U50) -> 0 | X50: =IF(D50>F50,1,0) -> 0 | Y50: =IF(H50>J50,1,0) -> 1 | Z50: =IF(X50+Y50=2,5,0) -> 0 | AA50: =IF(H50="n",0,Z50) -> 0 | AB50: =IF(Q50=5,0,AA50) -> 0 | AD50: =IF(D50<F50,1,0) -> 0 | AE50: =IF(H50<J50,1,0) -> 0 | AF50: =IF(AD50+AE50=2,5,0) -> 0 | AG50: =IF(Q50=5,0,AF50) -> 0
A52: 46217 | B52: 0.66666667 | E52: x | H52: n | I52: x | J52: d | K52: =O52+P52+U52+AA52+AF52 -> 0 | O52: =IF(D52=H52,2,0) -> 0 | P52: =IF(F52=J52,2,0) -> 0 | Q52: =IF(O52+P52=4,5,0) -> 0 | S52: =IF(D52=F52,1,0) -> 1 | T52: =IF(H52=J52,1,0) -> 0 | U52: =IF(S52+T52=2,5,0) -> 0 | V52: =IF(Q52=5,0,U52) -> 0 | X52: =IF(D52>F52,1,0) -> 0 | Y52: =IF(H52>J52,1,0) -> 1 | Z52: =IF(X52+Y52=2,5,0) -> 0 | AA52: =IF(H52="n",0,Z52) -> 0 | AB52: =IF(Q52=5,0,AA52) -> 0 | AD52: =IF(D52<F52,1,0) -> 0 | AE52: =IF(H52<J52,1,0) -> 0 | AF52: =IF(AD52+AE52=2,5,0) -> 0 | AG52: =IF(Q52=5,0,AF52) -> 0
A54: 46218 | B54: 0.66666667 | E54: x | H54: n | I54: x | J54: d | K54: =O54+P54+U54+AA54+AF54 -> 0 | O54: =IF(D54=H54,2,0) -> 0 | P54: =IF(F54=J54,2,0) -> 0 | Q54: =IF(O54+P54=4,5,0) -> 0 | S54: =IF(D54=F54,1,0) -> 1 | T54: =IF(H54=J54,1,0) -> 0 | U54: =IF(S54+T54=2,5,0) -> 0 | V54: =IF(Q54=5,0,U54) -> 0 | X54: =IF(D54>F54,1,0) -> 0 | Y54: =IF(H54>J54,1,0) -> 1 | Z54: =IF(X54+Y54=2,5,0) -> 0 | AA54: =IF(H54="n",0,Z54) -> 0 | AB54: =IF(Q54=5,0,AA54) -> 0 | AD54: =IF(D54<F54,1,0) -> 0 | AE54: =IF(H54<J54,1,0) -> 0 | AF54: =IF(AD54+AE54=2,5,0) -> 0 | AG54: =IF(Q54=5,0,AF54) -> 0
A57: 46221 | B57: 0.75 | E57: x | H57: n | I57: x | J57: d | K57: =O57+P57+U57+AA57+AF57 -> 0 | L57: F | O57: =IF(D57=H57,2,0) -> 0 | P57: =IF(F57=J57,2,0) -> 0 | Q57: =IF(O57+P57=4,5,0) -> 0 | S57: =IF(D57=F57,1,0) -> 1 | T57: =IF(H57=J57,1,0) -> 0 | U57: =IF(S57+T57=2,5,0) -> 0 | V57: =IF(Q57=5,0,U57) -> 0 | X57: =IF(D57>F57,1,0) -> 0 | Y57: =IF(H57>J57,1,0) -> 1 | Z57: =IF(X57+Y57=2,5,0) -> 0 | AA57: =IF(H57="n",0,Z57) -> 0 | AB57: =IF(Q57=5,0,AA57) -> 0 | AD57: =IF(D57<F57,1,0) -> 0 | AE57: =IF(H57<J57,1,0) -> 0 | AF57: =IF(AD57+AE57=2,5,0) -> 0 | AG57: =IF(Q57=5,0,AF57) -> 0
A59: 46222 | B59: 0.66666667 | E59: x | H59: n | I59: x | J59: d | K59: =O59+P59+U59+AA59+AF59 -> 0 | O59: =IF(D59=H59,2,0) -> 0 | P59: =IF(F59=J59,2,0) -> 0 | Q59: =IF(O59+P59=4,5,0) -> 0 | S59: =IF(D59=F59,1,0) -> 1 | T59: =IF(H59=J59,1,0) -> 0 | U59: =IF(S59+T59=2,5,0) -> 0 | V59: =IF(Q59=5,0,U59) -> 0 | X59: =IF(D59>F59,1,0) -> 0 | Y59: =IF(H59>J59,1,0) -> 1 | Z59: =IF(X59+Y59=2,5,0) -> 0 | AA59: =IF(H59="n",0,Z59) -> 0 | AB59: =IF(Q59=5,0,AA59) -> 0 | AD59: =IF(D59<F59,1,0) -> 0 | AE59: =IF(H59<J59,1,0) -> 0 | AF59: =IF(AD59+AE59=2,5,0) -> 0 | AG59: =IF(Q59=5,0,AF59) -> 0
E61: x | H61: n | I61: x | J61: d | K61: =O61+P61+U61+AA61+AF61 -> 0 | O61: =IF(D61=H61,2,0) -> 0 | P61: =IF(F61=J61,2,0) -> 0 | Q61: =IF(O61+P61=4,5,0) -> 0 | S61: =IF(D61=F61,1,0) -> 1 | T61: =IF(H61=J61,1,0) -> 0 | U61: =IF(S61+T61=2,5,0) -> 0 | V61: =IF(Q61=5,0,U61) -> 0 | X61: =IF(D61>F61,1,0) -> 0 | Y61: =IF(H61>J61,1,0) -> 1 | Z61: =IF(X61+Y61=2,5,0) -> 0 | AA61: =IF(H61="n",0,Z61) -> 0 | AB61: =IF(Q61=5,0,AA61) -> 0 | AD61: =IF(D61<F61,1,0) -> 0 | AE61: =IF(H61<J61,1,0) -> 0 | AF61: =IF(AD61+AE61=2,5,0) -> 0 | AG61: =IF(Q61=5,0,AF61) -> 0
E63: x | H63: n | I63: x | J63: d | K63: =O63+P63+U63+AA63+AF63 -> 0 | O63: =IF(D63=H63,2,0) -> 0 | P63: =IF(F63=J63,2,0) -> 0 | Q63: =IF(O63+P63=4,5,0) -> 0 | S63: =IF(D63=F63,1,0) -> 1 | T63: =IF(H63=J63,1,0) -> 0 | U63: =IF(S63+T63=2,5,0) -> 0 | V63: =IF(Q63=5,0,U63) -> 0 | X63: =IF(D63>F63,1,0) -> 0 | Y63: =IF(H63>J63,1,0) -> 1 | Z63: =IF(X63+Y63=2,5,0) -> 0 | AA63: =IF(H63="n",0,Z63) -> 0 | AB63: =IF(Q63=5,0,AA63) -> 0 | AD63: =IF(D63<F63,1,0) -> 0 | AE63: =IF(H63<J63,1,0) -> 0 | AF63: =IF(AD63+AE63=2,5,0) -> 0 | AG63: =IF(Q63=5,0,AF63) -> 0
E65: x | H65: n | I65: x | J65: d | K65: =O65+P65+U65+AA65+AF65 -> 0 | O65: =IF(D65=H65,2,0) -> 0 | P65: =IF(F65=J65,2,0) -> 0 | Q65: =IF(O65+P65=4,5,0) -> 0 | S65: =IF(D65=F65,1,0) -> 1 | T65: =IF(H65=J65,1,0) -> 0 | U65: =IF(S65+T65=2,5,0) -> 0 | V65: =IF(Q65=5,0,U65) -> 0 | X65: =IF(D65>F65,1,0) -> 0 | Y65: =IF(H65>J65,1,0) -> 1 | Z65: =IF(X65+Y65=2,5,0) -> 0 | AA65: =IF(H65="n",0,Z65) -> 0 | AB65: =IF(Q65=5,0,AA65) -> 0 | AD65: =IF(D65<F65,1,0) -> 0 | AE65: =IF(H65<J65,1,0) -> 0 | AF65: =IF(AD65+AE65=2,5,0) -> 0 | AG65: =IF(Q65=5,0,AF65) -> 0
E67: x | H67: n | I67: x | J67: d | K67: =O67+P67+U67+AA67+AF67 -> 0 | O67: =IF(D67=H67,2,0) -> 0 | P67: =IF(F67=J67,2,0) -> 0 | Q67: =IF(O67+P67=4,5,0) -> 0 | S67: =IF(D67=F67,1,0) -> 1 | T67: =IF(H67=J67,1,0) -> 0 | U67: =IF(S67+T67=2,5,0) -> 0 | V67: =IF(Q67=5,0,U67) -> 0 | X67: =IF(D67>F67,1,0) -> 0 | Y67: =IF(H67>J67,1,0) -> 1 | Z67: =IF(X67+Y67=2,5,0) -> 0 | AA67: =IF(H67="n",0,Z67) -> 0 | AB67: =IF(Q67=5,0,AA67) -> 0 | AD67: =IF(D67<F67,1,0) -> 0 | AE67: =IF(H67<J67,1,0) -> 0 | AF67: =IF(AD67+AE67=2,5,0) -> 0 | AG67: =IF(Q67=5,0,AF67) -> 0
E70: x | H70: n | I70: x | J70: d | K70: =O70+P70+U70+AA70+AF70 -> 0 | L70: G | O70: =IF(D70=H70,2,0) -> 0 | P70: =IF(F70=J70,2,0) -> 0 | Q70: =IF(O70+P70=4,5,0) -> 0 | S70: =IF(D70=F70,1,0) -> 1 | T70: =IF(H70=J70,1,0) -> 0 | U70: =IF(S70+T70=2,5,0) -> 0 | V70: =IF(Q70=5,0,U70) -> 0 | X70: =IF(D70>F70,1,0) -> 0 | Y70: =IF(H70>J70,1,0) -> 1 | Z70: =IF(X70+Y70=2,5,0) -> 0 | AA70: =IF(H70="n",0,Z70) -> 0 | AB70: =IF(Q70=5,0,AA70) -> 0 | AD70: =IF(D70<F70,1,0) -> 0 | AE70: =IF(H70<J70,1,0) -> 0 | AF70: =IF(AD70+AE70=2,5,0) -> 0 | AG70: =IF(Q70=5,0,AF70) -> 0
E71: x | H71: n | I71: x | J71: d | K71: =O71+P71+U71+AA71+AF71 -> 0 | O71: =IF(D71=H71,2,0) -> 0 | P71: =IF(F71=J71,2,0) -> 0 | Q71: =IF(O71+P71=4,5,0) -> 0 | S71: =IF(D71=F71,1,0) -> 1 | T71: =IF(H71=J71,1,0) -> 0 | U71: =IF(S71+T71=2,5,0) -> 0 | V71: =IF(Q71=5,0,U71) -> 0 | X71: =IF(D71>F71,1,0) -> 0 | Y71: =IF(H71>J71,1,0) -> 1 | Z71: =IF(X71+Y71=2,5,0) -> 0 | AA71: =IF(H71="n",0,Z71) -> 0 | AB71: =IF(Q71=5,0,AA71) -> 0 | AD71: =IF(D71<F71,1,0) -> 0 | AE71: =IF(H71<J71,1,0) -> 0 | AF71: =IF(AD71+AE71=2,5,0) -> 0 | AG71: =IF(Q71=5,0,AF71) -> 0
E72: x | H72: n | I72: x | J72: d | K72: =O72+P72+U72+AA72+AF72 -> 0 | O72: =IF(D72=H72,2,0) -> 0 | P72: =IF(F72=J72,2,0) -> 0 | Q72: =IF(O72+P72=4,5,0) -> 0 | S72: =IF(D72=F72,1,0) -> 1 | T72: =IF(H72=J72,1,0) -> 0 | U72: =IF(S72+T72=2,5,0) -> 0 | V72: =IF(Q72=5,0,U72) -> 0 | X72: =IF(D72>F72,1,0) -> 0 | Y72: =IF(H72>J72,1,0) -> 1 | Z72: =IF(X72+Y72=2,5,0) -> 0 | AA72: =IF(H72="n",0,Z72) -> 0 | AB72: =IF(Q72=5,0,AA72) -> 0 | AD72: =IF(D72<F72,1,0) -> 0 | AE72: =IF(H72<J72,1,0) -> 0 | AF72: =IF(AD72+AE72=2,5,0) -> 0 | AG72: =IF(Q72=5,0,AF72) -> 0
E73: x | H73: n | I73: x | J73: d | K73: =O73+P73+U73+AA73+AF73 -> 0 | O73: =IF(D73=H73,2,0) -> 0 | P73: =IF(F73=J73,2,0) -> 0 | Q73: =IF(O73+P73=4,5,0) -> 0 | S73: =IF(D73=F73,1,0) -> 1 | T73: =IF(H73=J73,1,0) -> 0 | U73: =IF(S73+T73=2,5,0) -> 0 | V73: =IF(Q73=5,0,U73) -> 0 | X73: =IF(D73>F73,1,0) -> 0 | Y73: =IF(H73>J73,1,0) -> 1 | Z73: =IF(X73+Y73=2,5,0) -> 0 | AA73: =IF(H73="n",0,Z73) -> 0 | AB73: =IF(Q73=5,0,AA73) -> 0 | AD73: =IF(D73<F73,1,0) -> 0 | AE73: =IF(H73<J73,1,0) -> 0 | AF73: =IF(AD73+AE73=2,5,0) -> 0 | AG73: =IF(Q73=5,0,AF73) -> 0
E74: x | H74: n | I74: x | J74: d | K74: =O74+P74+U74+AA74+AF74 -> 0 | O74: =IF(D74=H74,2,0) -> 0 | P74: =IF(F74=J74,2,0) -> 0 | Q74: =IF(O74+P74=4,5,0) -> 0 | S74: =IF(D74=F74,1,0) -> 1 | T74: =IF(H74=J74,1,0) -> 0 | U74: =IF(S74+T74=2,5,0) -> 0 | V74: =IF(Q74=5,0,U74) -> 0 | X74: =IF(D74>F74,1,0) -> 0 | Y74: =IF(H74>J74,1,0) -> 1 | Z74: =IF(X74+Y74=2,5,0) -> 0 | AA74: =IF(H74="n",0,Z74) -> 0 | AB74: =IF(Q74=5,0,AA74) -> 0 | AD74: =IF(D74<F74,1,0) -> 0 | AE74: =IF(H74<J74,1,0) -> 0 | AF74: =IF(AD74+AE74=2,5,0) -> 0 | AG74: =IF(Q74=5,0,AF74) -> 0
E75: x | H75: n | I75: x | J75: d | K75: =O75+P75+U75+AA75+AF75 -> 0 | O75: =IF(D75=H75,2,0) -> 0 | P75: =IF(F75=J75,2,0) -> 0 | Q75: =IF(O75+P75=4,5,0) -> 0 | S75: =IF(D75=F75,1,0) -> 1 | T75: =IF(H75=J75,1,0) -> 0 | U75: =IF(S75+T75=2,5,0) -> 0 | V75: =IF(Q75=5,0,U75) -> 0 | X75: =IF(D75>F75,1,0) -> 0 | Y75: =IF(H75>J75,1,0) -> 1 | Z75: =IF(X75+Y75=2,5,0) -> 0 | AA75: =IF(H75="n",0,Z75) -> 0 | AB75: =IF(Q75=5,0,AA75) -> 0 | AD75: =IF(D75<F75,1,0) -> 0 | AE75: =IF(H75<J75,1,0) -> 0 | AF75: =IF(AD75+AE75=2,5,0) -> 0 | AG75: =IF(Q75=5,0,AF75) -> 0
E77: x | H77: n | I77: x | J77: d | K77: =O77+P77+U77+AA77+AF77 -> 0 | L77: H | O77: =IF(D77=H77,2,0) -> 0 | P77: =IF(F77=J77,2,0) -> 0 | Q77: =IF(O77+P77=4,5,0) -> 0 | S77: =IF(D77=F77,1,0) -> 1 | T77: =IF(H77=J77,1,0) -> 0 | U77: =IF(S77+T77=2,5,0) -> 0 | V77: =IF(Q77=5,0,U77) -> 0 | X77: =IF(D77>F77,1,0) -> 0 | Y77: =IF(H77>J77,1,0) -> 1 | Z77: =IF(X77+Y77=2,5,0) -> 0 | AA77: =IF(H77="n",0,Z77) -> 0 | AB77: =IF(Q77=5,0,AA77) -> 0 | AD77: =IF(D77<F77,1,0) -> 0 | AE77: =IF(H77<J77,1,0) -> 0 | AF77: =IF(AD77+AE77=2,5,0) -> 0 | AG77: =IF(Q77=5,0,AF77) -> 0
E78: x | H78: n | I78: x | J78: d | K78: =O78+P78+U78+AA78+AF78 -> 0 | O78: =IF(D78=H78,2,0) -> 0 | P78: =IF(F78=J78,2,0) -> 0 | Q78: =IF(O78+P78=4,5,0) -> 0 | S78: =IF(D78=F78,1,0) -> 1 | T78: =IF(H78=J78,1,0) -> 0 | U78: =IF(S78+T78=2,5,0) -> 0 | V78: =IF(Q78=5,0,U78) -> 0 | X78: =IF(D78>F78,1,0) -> 0 | Y78: =IF(H78>J78,1,0) -> 1 | Z78: =IF(X78+Y78=2,5,0) -> 0 | AA78: =IF(H78="n",0,Z78) -> 0 | AB78: =IF(Q78=5,0,AA78) -> 0 | AD78: =IF(D78<F78,1,0) -> 0 | AE78: =IF(H78<J78,1,0) -> 0 | AF78: =IF(AD78+AE78=2,5,0) -> 0 | AG78: =IF(Q78=5,0,AF78) -> 0
E79: x | H79: n | I79: x | J79: d | K79: =O79+P79+U79+AA79+AF79 -> 0 | O79: =IF(D79=H79,2,0) -> 0 | P79: =IF(F79=J79,2,0) -> 0 | Q79: =IF(O79+P79=4,5,0) -> 0 | S79: =IF(D79=F79,1,0) -> 1 | T79: =IF(H79=J79,1,0) -> 0 | U79: =IF(S79+T79=2,5,0) -> 0 | V79: =IF(Q79=5,0,U79) -> 0 | X79: =IF(D79>F79,1,0) -> 0 | Y79: =IF(H79>J79,1,0) -> 1 | Z79: =IF(X79+Y79=2,5,0) -> 0 | AA79: =IF(H79="n",0,Z79) -> 0 | AB79: =IF(Q79=5,0,AA79) -> 0 | AD79: =IF(D79<F79,1,0) -> 0 | AE79: =IF(H79<J79,1,0) -> 0 | AF79: =IF(AD79+AE79=2,5,0) -> 0 | AG79: =IF(Q79=5,0,AF79) -> 0
E80: x | H80: n | I80: x | J80: d | K80: =O80+P80+U80+AA80+AF80 -> 0 | O80: =IF(D80=H80,2,0) -> 0 | P80: =IF(F80=J80,2,0) -> 0 | Q80: =IF(O80+P80=4,5,0) -> 0 | S80: =IF(D80=F80,1,0) -> 1 | T80: =IF(H80=J80,1,0) -> 0 | U80: =IF(S80+T80=2,5,0) -> 0 | V80: =IF(Q80=5,0,U80) -> 0 | X80: =IF(D80>F80,1,0) -> 0 | Y80: =IF(H80>J80,1,0) -> 1 | Z80: =IF(X80+Y80=2,5,0) -> 0 | AA80: =IF(H80="n",0,Z80) -> 0 | AB80: =IF(Q80=5,0,AA80) -> 0 | AD80: =IF(D80<F80,1,0) -> 0 | AE80: =IF(H80<J80,1,0) -> 0 | AF80: =IF(AD80+AE80=2,5,0) -> 0 | AG80: =IF(Q80=5,0,AF80) -> 0
E81: x | H81: n | I81: x | J81: d | K81: =O81+P81+U81+AA81+AF81 -> 0 | O81: =IF(D81=H81,2,0) -> 0 | P81: =IF(F81=J81,2,0) -> 0 | Q81: =IF(O81+P81=4,5,0) -> 0 | S81: =IF(D81=F81,1,0) -> 1 | T81: =IF(H81=J81,1,0) -> 0 | U81: =IF(S81+T81=2,5,0) -> 0 | V81: =IF(Q81=5,0,U81) -> 0 | X81: =IF(D81>F81,1,0) -> 0 | Y81: =IF(H81>J81,1,0) -> 1 | Z81: =IF(X81+Y81=2,5,0) -> 0 | AA81: =IF(H81="n",0,Z81) -> 0 | AB81: =IF(Q81=5,0,AA81) -> 0 | AD81: =IF(D81<F81,1,0) -> 0 | AE81: =IF(H81<J81,1,0) -> 0 | AF81: =IF(AD81+AE81=2,5,0) -> 0 | AG81: =IF(Q81=5,0,AF81) -> 0
E82: x | H82: n | I82: x | J82: d | K82: =O82+P82+U82+AA82+AF82 -> 0 | O82: =IF(D82=H82,2,0) -> 0 | P82: =IF(F82=J82,2,0) -> 0 | Q82: =IF(O82+P82=4,5,0) -> 0 | S82: =IF(D82=F82,1,0) -> 1 | T82: =IF(H82=J82,1,0) -> 0 | U82: =IF(S82+T82=2,5,0) -> 0 | V82: =IF(Q82=5,0,U82) -> 0 | X82: =IF(D82>F82,1,0) -> 0 | Y82: =IF(H82>J82,1,0) -> 1 | Z82: =IF(X82+Y82=2,5,0) -> 0 | AA82: =IF(H82="n",0,Z82) -> 0 | AB82: =IF(Q82=5,0,AA82) -> 0 | AD82: =IF(D82<F82,1,0) -> 0 | AE82: =IF(H82<J82,1,0) -> 0 | AF82: =IF(AD82+AE82=2,5,0) -> 0 | AG82: =IF(Q82=5,0,AF82) -> 0
E84: x | H84: n | I84: x | J84: d | K84: =O84+P84+U84+AA84+AF84 -> 0 | L84: I | O84: =IF(D84=H84,2,0) -> 0 | P84: =IF(F84=J84,2,0) -> 0 | Q84: =IF(O84+P84=4,5,0) -> 0 | S84: =IF(D84=F84,1,0) -> 1 | T84: =IF(H84=J84,1,0) -> 0 | U84: =IF(S84+T84=2,5,0) -> 0 | V84: =IF(Q84=5,0,U84) -> 0 | X84: =IF(D84>F84,1,0) -> 0 | Y84: =IF(H84>J84,1,0) -> 1 | Z84: =IF(X84+Y84=2,5,0) -> 0 | AA84: =IF(H84="n",0,Z84) -> 0 | AB84: =IF(Q84=5,0,AA84) -> 0 | AD84: =IF(D84<F84,1,0) -> 0 | AE84: =IF(H84<J84,1,0) -> 0 | AF84: =IF(AD84+AE84=2,5,0) -> 0 | AG84: =IF(Q84=5,0,AF84) -> 0
E85: x | H85: n | I85: x | J85: d | K85: =O85+P85+U85+AA85+AF85 -> 0 | O85: =IF(D85=H85,2,0) -> 0 | P85: =IF(F85=J85,2,0) -> 0 | Q85: =IF(O85+P85=4,5,0) -> 0 | S85: =IF(D85=F85,1,0) -> 1 | T85: =IF(H85=J85,1,0) -> 0 | U85: =IF(S85+T85=2,5,0) -> 0 | V85: =IF(Q85=5,0,U85) -> 0 | X85: =IF(D85>F85,1,0) -> 0 | Y85: =IF(H85>J85,1,0) -> 1 | Z85: =IF(X85+Y85=2,5,0) -> 0 | AA85: =IF(H85="n",0,Z85) -> 0 | AB85: =IF(Q85=5,0,AA85) -> 0 | AD85: =IF(D85<F85,1,0) -> 0 | AE85: =IF(H85<J85,1,0) -> 0 | AF85: =IF(AD85+AE85=2,5,0) -> 0 | AG85: =IF(Q85=5,0,AF85) -> 0
E86: x | H86: n | I86: x | J86: d | K86: =O86+P86+U86+AA86+AF86 -> 0 | O86: =IF(D86=H86,2,0) -> 0 | P86: =IF(F86=J86,2,0) -> 0 | Q86: =IF(O86+P86=4,5,0) -> 0 | S86: =IF(D86=F86,1,0) -> 1 | T86: =IF(H86=J86,1,0) -> 0 | U86: =IF(S86+T86=2,5,0) -> 0 | V86: =IF(Q86=5,0,U86) -> 0 | X86: =IF(D86>F86,1,0) -> 0 | Y86: =IF(H86>J86,1,0) -> 1 | Z86: =IF(X86+Y86=2,5,0) -> 0 | AA86: =IF(H86="n",0,Z86) -> 0 | AB86: =IF(Q86=5,0,AA86) -> 0 | AD86: =IF(D86<F86,1,0) -> 0 | AE86: =IF(H86<J86,1,0) -> 0 | AF86: =IF(AD86+AE86=2,5,0) -> 0 | AG86: =IF(Q86=5,0,AF86) -> 0
E87: x | H87: n | I87: x | J87: d | K87: =O87+P87+U87+AA87+AF87 -> 0 | O87: =IF(D87=H87,2,0) -> 0 | P87: =IF(F87=J87,2,0) -> 0 | Q87: =IF(O87+P87=4,5,0) -> 0 | S87: =IF(D87=F87,1,0) -> 1 | T87: =IF(H87=J87,1,0) -> 0 | U87: =IF(S87+T87=2,5,0) -> 0 | V87: =IF(Q87=5,0,U87) -> 0 | X87: =IF(D87>F87,1,0) -> 0 | Y87: =IF(H87>J87,1,0) -> 1 | Z87: =IF(X87+Y87=2,5,0) -> 0 | AA87: =IF(H87="n",0,Z87) -> 0 | AB87: =IF(Q87=5,0,AA87) -> 0 | AD87: =IF(D87<F87,1,0) -> 0 | AE87: =IF(H87<J87,1,0) -> 0 | AF87: =IF(AD87+AE87=2,5,0) -> 0 | AG87: =IF(Q87=5,0,AF87) -> 0
E88: x | H88: n | I88: x | J88: d | K88: =O88+P88+U88+AA88+AF88 -> 0 | O88: =IF(D88=H88,2,0) -> 0 | P88: =IF(F88=J88,2,0) -> 0 | Q88: =IF(O88+P88=4,5,0) -> 0 | S88: =IF(D88=F88,1,0) -> 1 | T88: =IF(H88=J88,1,0) -> 0 | U88: =IF(S88+T88=2,5,0) -> 0 | V88: =IF(Q88=5,0,U88) -> 0 | X88: =IF(D88>F88,1,0) -> 0 | Y88: =IF(H88>J88,1,0) -> 1 | Z88: =IF(X88+Y88=2,5,0) -> 0 | AA88: =IF(H88="n",0,Z88) -> 0 | AB88: =IF(Q88=5,0,AA88) -> 0 | AD88: =IF(D88<F88,1,0) -> 0 | AE88: =IF(H88<J88,1,0) -> 0 | AF88: =IF(AD88+AE88=2,5,0) -> 0 | AG88: =IF(Q88=5,0,AF88) -> 0
E89: x | H89: n | I89: x | J89: d | K89: =O89+P89+U89+AA89+AF89 -> 0 | O89: =IF(D89=H89,2,0) -> 0 | P89: =IF(F89=J89,2,0) -> 0 | Q89: =IF(O89+P89=4,5,0) -> 0 | S89: =IF(D89=F89,1,0) -> 1 | T89: =IF(H89=J89,1,0) -> 0 | U89: =IF(S89+T89=2,5,0) -> 0 | V89: =IF(Q89=5,0,U89) -> 0 | X89: =IF(D89>F89,1,0) -> 0 | Y89: =IF(H89>J89,1,0) -> 1 | Z89: =IF(X89+Y89=2,5,0) -> 0 | AA89: =IF(H89="n",0,Z89) -> 0 | AB89: =IF(Q89=5,0,AA89) -> 0 | AD89: =IF(D89<F89,1,0) -> 0 | AE89: =IF(H89<J89,1,0) -> 0 | AF89: =IF(AD89+AE89=2,5,0) -> 0 | AG89: =IF(Q89=5,0,AF89) -> 0
E91: x | H91: n | I91: x | J91: d | K91: =O91+P91+U91+AA91+AF91 -> 0 | L91: J | O91: =IF(D91=H91,2,0) -> 0 | P91: =IF(F91=J91,2,0) -> 0 | Q91: =IF(O91+P91=4,5,0) -> 0 | S91: =IF(D91=F91,1,0) -> 1 | T91: =IF(H91=J91,1,0) -> 0 | U91: =IF(S91+T91=2,5,0) -> 0 | V91: =IF(Q91=5,0,U91) -> 0 | X91: =IF(D91>F91,1,0) -> 0 | Y91: =IF(H91>J91,1,0) -> 1 | Z91: =IF(X91+Y91=2,5,0) -> 0 | AA91: =IF(H91="n",0,Z91) -> 0 | AB91: =IF(Q91=5,0,AA91) -> 0 | AD91: =IF(D91<F91,1,0) -> 0 | AE91: =IF(H91<J91,1,0) -> 0 | AF91: =IF(AD91+AE91=2,5,0) -> 0 | AG91: =IF(Q91=5,0,AF91) -> 0
E92: x | H92: n | I92: x | J92: d | K92: =O92+P92+U92+AA92+AF92 -> 0 | O92: =IF(D92=H92,2,0) -> 0 | P92: =IF(F92=J92,2,0) -> 0 | Q92: =IF(O92+P92=4,5,0) -> 0 | S92: =IF(D92=F92,1,0) -> 1 | T92: =IF(H92=J92,1,0) -> 0 | U92: =IF(S92+T92=2,5,0) -> 0 | V92: =IF(Q92=5,0,U92) -> 0 | X92: =IF(D92>F92,1,0) -> 0 | Y92: =IF(H92>J92,1,0) -> 1 | Z92: =IF(X92+Y92=2,5,0) -> 0 | AA92: =IF(H92="n",0,Z92) -> 0 | AB92: =IF(Q92=5,0,AA92) -> 0 | AD92: =IF(D92<F92,1,0) -> 0 | AE92: =IF(H92<J92,1,0) -> 0 | AF92: =IF(AD92+AE92=2,5,0) -> 0 | AG92: =IF(Q92=5,0,AF92) -> 0
E93: x | H93: n | I93: x | J93: d | K93: =O93+P93+U93+AA93+AF93 -> 0 | O93: =IF(D93=H93,2,0) -> 0 | P93: =IF(F93=J93,2,0) -> 0 | Q93: =IF(O93+P93=4,5,0) -> 0 | S93: =IF(D93=F93,1,0) -> 1 | T93: =IF(H93=J93,1,0) -> 0 | U93: =IF(S93+T93=2,5,0) -> 0 | V93: =IF(Q93=5,0,U93) -> 0 | X93: =IF(D93>F93,1,0) -> 0 | Y93: =IF(H93>J93,1,0) -> 1 | Z93: =IF(X93+Y93=2,5,0) -> 0 | AA93: =IF(H93="n",0,Z93) -> 0 | AB93: =IF(Q93=5,0,AA93) -> 0 | AD93: =IF(D93<F93,1,0) -> 0 | AE93: =IF(H93<J93,1,0) -> 0 | AF93: =IF(AD93+AE93=2,5,0) -> 0 | AG93: =IF(Q93=5,0,AF93) -> 0
E94: x | H94: n | I94: x | J94: d | K94: =O94+P94+U94+AA94+AF94 -> 0 | O94: =IF(D94=H94,2,0) -> 0 | P94: =IF(F94=J94,2,0) -> 0 | Q94: =IF(O94+P94=4,5,0) -> 0 | S94: =IF(D94=F94,1,0) -> 1 | T94: =IF(H94=J94,1,0) -> 0 | U94: =IF(S94+T94=2,5,0) -> 0 | V94: =IF(Q94=5,0,U94) -> 0 | X94: =IF(D94>F94,1,0) -> 0 | Y94: =IF(H94>J94,1,0) -> 1 | Z94: =IF(X94+Y94=2,5,0) -> 0 | AA94: =IF(H94="n",0,Z94) -> 0 | AB94: =IF(Q94=5,0,AA94) -> 0 | AD94: =IF(D94<F94,1,0) -> 0 | AE94: =IF(H94<J94,1,0) -> 0 | AF94: =IF(AD94+AE94=2,5,0) -> 0 | AG94: =IF(Q94=5,0,AF94) -> 0
E95: x | H95: n | I95: x | J95: d | K95: =O95+P95+U95+AA95+AF95 -> 0 | O95: =IF(D95=H95,2,0) -> 0 | P95: =IF(F95=J95,2,0) -> 0 | Q95: =IF(O95+P95=4,5,0) -> 0 | S95: =IF(D95=F95,1,0) -> 1 | T95: =IF(H95=J95,1,0) -> 0 | U95: =IF(S95+T95=2,5,0) -> 0 | V95: =IF(Q95=5,0,U95) -> 0 | X95: =IF(D95>F95,1,0) -> 0 | Y95: =IF(H95>J95,1,0) -> 1 | Z95: =IF(X95+Y95=2,5,0) -> 0 | AA95: =IF(H95="n",0,Z95) -> 0 | AB95: =IF(Q95=5,0,AA95) -> 0 | AD95: =IF(D95<F95,1,0) -> 0 | AE95: =IF(H95<J95,1,0) -> 0 | AF95: =IF(AD95+AE95=2,5,0) -> 0 | AG95: =IF(Q95=5,0,AF95) -> 0
E96: x | H96: n | I96: x | J96: d | K96: =O96+P96+U96+AA96+AF96 -> 0 | O96: =IF(D96=H96,2,0) -> 0 | P96: =IF(F96=J96,2,0) -> 0 | Q96: =IF(O96+P96=4,5,0) -> 0 | S96: =IF(D96=F96,1,0) -> 1 | T96: =IF(H96=J96,1,0) -> 0 | U96: =IF(S96+T96=2,5,0) -> 0 | V96: =IF(Q96=5,0,U96) -> 0 | X96: =IF(D96>F96,1,0) -> 0 | Y96: =IF(H96>J96,1,0) -> 1 | Z96: =IF(X96+Y96=2,5,0) -> 0 | AA96: =IF(H96="n",0,Z96) -> 0 | AB96: =IF(Q96=5,0,AA96) -> 0 | AD96: =IF(D96<F96,1,0) -> 0 | AE96: =IF(H96<J96,1,0) -> 0 | AF96: =IF(AD96+AE96=2,5,0) -> 0 | AG96: =IF(Q96=5,0,AF96) -> 0
O97: =IF(D97=H97,2,0) -> 2 | T97: =IF(H97=J97,1,0) -> 1 | Y97: =IF(H97>J97,1,0) -> 0 | AE97: =IF(H97<J97,1,0) -> 0
E98: x | H98: n | I98: x | J98: d | K98: =O98+P98+U98+AA98+AF98 -> 0 | L98: K | O98: =IF(D98=H98,2,0) -> 0 | P98: =IF(F98=J98,2,0) -> 0 | Q98: =IF(O98+P98=4,5,0) -> 0 | S98: =IF(D98=F98,1,0) -> 1 | T98: =IF(H98=J98,1,0) -> 0 | U98: =IF(S98+T98=2,5,0) -> 0 | V98: =IF(Q98=5,0,U98) -> 0 | X98: =IF(D98>F98,1,0) -> 0 | Y98: =IF(H98>J98,1,0) -> 1 | Z98: =IF(X98+Y98=2,5,0) -> 0 | AA98: =IF(H98="n",0,Z98) -> 0 | AB98: =IF(Q98=5,0,AA98) -> 0 | AD98: =IF(D98<F98,1,0) -> 0 | AE98: =IF(H98<J98,1,0) -> 0 | AF98: =IF(AD98+AE98=2,5,0) -> 0 | AG98: =IF(Q98=5,0,AF98) -> 0
E99: x | H99: n | I99: x | J99: d | K99: =O99+P99+U99+AA99+AF99 -> 0 | O99: =IF(D99=H99,2,0) -> 0 | P99: =IF(F99=J99,2,0) -> 0 | Q99: =IF(O99+P99=4,5,0) -> 0 | S99: =IF(D99=F99,1,0) -> 1 | T99: =IF(H99=J99,1,0) -> 0 | U99: =IF(S99+T99=2,5,0) -> 0 | V99: =IF(Q99=5,0,U99) -> 0 | X99: =IF(D99>F99,1,0) -> 0 | Y99: =IF(H99>J99,1,0) -> 1 | Z99: =IF(X99+Y99=2,5,0) -> 0 | AA99: =IF(H99="n",0,Z99) -> 0 | AB99: =IF(Q99=5,0,AA99) -> 0 | AD99: =IF(D99<F99,1,0) -> 0 | AE99: =IF(H99<J99,1,0) -> 0 | AF99: =IF(AD99+AE99=2,5,0) -> 0 | AG99: =IF(Q99=5,0,AF99) -> 0
E100: x | H100: n | I100: x | J100: d | K100: =O100+P100+U100+AA100+AF100 -> 0 | O100: =IF(D100=H100,2,0) -> 0 | P100: =IF(F100=J100,2,0) -> 0 | Q100: =IF(O100+P100=4,5,0) -> 0 | S100: =IF(D100=F100,1,0) -> 1 | T100: =IF(H100=J100,1,0) -> 0 | U100: =IF(S100+T100=2,5,0) -> 0 | V100: =IF(Q100=5,0,U100) -> 0 | X100: =IF(D100>F100,1,0) -> 0 | Y100: =IF(H100>J100,1,0) -> 1 | Z100: =IF(X100+Y100=2,5,0) -> 0 | AA100: =IF(H100="n",0,Z100) -> 0 | AB100: =IF(Q100=5,0,AA100) -> 0 | AD100: =IF(D100<F100,1,0) -> 0 | AE100: =IF(H100<J100,1,0) -> 0 | AF100: =IF(AD100+AE100=2,5,0) -> 0 | AG100: =IF(Q100=5,0,AF100) -> 0
E101: x | H101: n | I101: x | J101: d | K101: =O101+P101+U101+AA101+AF101 -> 0 | O101: =IF(D101=H101,2,0) -> 0 | P101: =IF(F101=J101,2,0) -> 0 | Q101: =IF(O101+P101=4,5,0) -> 0 | S101: =IF(D101=F101,1,0) -> 1 | T101: =IF(H101=J101,1,0) -> 0 | U101: =IF(S101+T101=2,5,0) -> 0 | V101: =IF(Q101=5,0,U101) -> 0 | X101: =IF(D101>F101,1,0) -> 0 | Y101: =IF(H101>J101,1,0) -> 1 | Z101: =IF(X101+Y101=2,5,0) -> 0 | AA101: =IF(H101="n",0,Z101) -> 0 | AB101: =IF(Q101=5,0,AA101) -> 0 | AD101: =IF(D101<F101,1,0) -> 0 | AE101: =IF(H101<J101,1,0) -> 0 | AF101: =IF(AD101+AE101=2,5,0) -> 0 | AG101: =IF(Q101=5,0,AF101) -> 0
E102: x | H102: n | I102: x | J102: d | K102: =O102+P102+U102+AA102+AF102 -> 0 | O102: =IF(D102=H102,2,0) -> 0 | P102: =IF(F102=J102,2,0) -> 0 | Q102: =IF(O102+P102=4,5,0) -> 0 | S102: =IF(D102=F102,1,0) -> 1 | T102: =IF(H102=J102,1,0) -> 0 | U102: =IF(S102+T102=2,5,0) -> 0 | V102: =IF(Q102=5,0,U102) -> 0 | X102: =IF(D102>F102,1,0) -> 0 | Y102: =IF(H102>J102,1,0) -> 1 | Z102: =IF(X102+Y102=2,5,0) -> 0 | AA102: =IF(H102="n",0,Z102) -> 0 | AB102: =IF(Q102=5,0,AA102) -> 0 | AD102: =IF(D102<F102,1,0) -> 0 | AE102: =IF(H102<J102,1,0) -> 0 | AF102: =IF(AD102+AE102=2,5,0) -> 0 | AG102: =IF(Q102=5,0,AF102) -> 0
E103: x | H103: n | I103: x | J103: d | K103: =O103+P103+U103+AA103+AF103 -> 0 | O103: =IF(D103=H103,2,0) -> 0 | P103: =IF(F103=J103,2,0) -> 0 | Q103: =IF(O103+P103=4,5,0) -> 0 | S103: =IF(D103=F103,1,0) -> 1 | T103: =IF(H103=J103,1,0) -> 0 | U103: =IF(S103+T103=2,5,0) -> 0 | V103: =IF(Q103=5,0,U103) -> 0 | X103: =IF(D103>F103,1,0) -> 0 | Y103: =IF(H103>J103,1,0) -> 1 | Z103: =IF(X103+Y103=2,5,0) -> 0 | AA103: =IF(H103="n",0,Z103) -> 0 | AB103: =IF(Q103=5,0,AA103) -> 0 | AD103: =IF(D103<F103,1,0) -> 0 | AE103: =IF(H103<J103,1,0) -> 0 | AF103: =IF(AD103+AE103=2,5,0) -> 0 | AG103: =IF(Q103=5,0,AF103) -> 0
P104: =IF(F104=J104,2,0) -> 2 | T104: =IF(H104=J104,1,0) -> 1 | Y104: =IF(H104>J104,1,0) -> 0 | AE104: =IF(H104<J104,1,0) -> 0
E105: x | H105: n | I105: x | J105: d | K105: =O105+P105+U105+AA105+AF105 -> 0 | L105: L | O105: =IF(D105=H105,2,0) -> 0 | P105: =IF(F105=J105,2,0) -> 0 | Q105: =IF(O105+P105=4,5,0) -> 0 | S105: =IF(D105=F105,1,0) -> 1 | T105: =IF(H105=J105,1,0) -> 0 | U105: =IF(S105+T105=2,5,0) -> 0 | V105: =IF(Q105=5,0,U105) -> 0 | X105: =IF(D105>F105,1,0) -> 0 | Y105: =IF(H105>J105,1,0) -> 1 | Z105: =IF(X105+Y105=2,5,0) -> 0 | AA105: =IF(H105="n",0,Z105) -> 0 | AB105: =IF(Q105=5,0,AA105) -> 0 | AD105: =IF(D105<F105,1,0) -> 0 | AE105: =IF(H105<J105,1,0) -> 0 | AF105: =IF(AD105+AE105=2,5,0) -> 0 | AG105: =IF(Q105=5,0,AF105) -> 0
E106: x | H106: n | I106: x | J106: d | K106: =O106+P106+U106+AA106+AF106 -> 0 | O106: =IF(D106=H106,2,0) -> 0 | P106: =IF(F106=J106,2,0) -> 0 | Q106: =IF(O106+P106=4,5,0) -> 0 | S106: =IF(D106=F106,1,0) -> 1 | T106: =IF(H106=J106,1,0) -> 0 | U106: =IF(S106+T106=2,5,0) -> 0 | V106: =IF(Q106=5,0,U106) -> 0 | X106: =IF(D106>F106,1,0) -> 0 | Y106: =IF(H106>J106,1,0) -> 1 | Z106: =IF(X106+Y106=2,5,0) -> 0 | AA106: =IF(H106="n",0,Z106) -> 0 | AB106: =IF(Q106=5,0,AA106) -> 0 | AD106: =IF(D106<F106,1,0) -> 0 | AE106: =IF(H106<J106,1,0) -> 0 | AF106: =IF(AD106+AE106=2,5,0) -> 0 | AG106: =IF(Q106=5,0,AF106) -> 0
E107: x | H107: n | I107: x | J107: d | K107: =O107+P107+U107+AA107+AF107 -> 0 | O107: =IF(D107=H107,2,0) -> 0 | P107: =IF(F107=J107,2,0) -> 0 | Q107: =IF(O107+P107=4,5,0) -> 0 | S107: =IF(D107=F107,1,0) -> 1 | T107: =IF(H107=J107,1,0) -> 0 | U107: =IF(S107+T107=2,5,0) -> 0 | V107: =IF(Q107=5,0,U107) -> 0 | X107: =IF(D107>F107,1,0) -> 0 | Y107: =IF(H107>J107,1,0) -> 1 | Z107: =IF(X107+Y107=2,5,0) -> 0 | AA107: =IF(H107="n",0,Z107) -> 0 | AB107: =IF(Q107=5,0,AA107) -> 0 | AD107: =IF(D107<F107,1,0) -> 0 | AE107: =IF(H107<J107,1,0) -> 0 | AF107: =IF(AD107+AE107=2,5,0) -> 0 | AG107: =IF(Q107=5,0,AF107) -> 0
E108: x | H108: n | I108: x | J108: d | K108: =O108+P108+U108+AA108+AF108 -> 0 | O108: =IF(D108=H108,2,0) -> 0 | P108: =IF(F108=J108,2,0) -> 0 | Q108: =IF(O108+P108=4,5,0) -> 0 | S108: =IF(D108=F108,1,0) -> 1 | T108: =IF(H108=J108,1,0) -> 0 | U108: =IF(S108+T108=2,5,0) -> 0 | V108: =IF(Q108=5,0,U108) -> 0 | X108: =IF(D108>F108,1,0) -> 0 | Y108: =IF(H108>J108,1,0) -> 1 | Z108: =IF(X108+Y108=2,5,0) -> 0 | AA108: =IF(H108="n",0,Z108) -> 0 | AB108: =IF(Q108=5,0,AA108) -> 0 | AD108: =IF(D108<F108,1,0) -> 0 | AE108: =IF(H108<J108,1,0) -> 0 | AF108: =IF(AD108+AE108=2,5,0) -> 0 | AG108: =IF(Q108=5,0,AF108) -> 0
E109: x | H109: n | I109: x | J109: d | K109: =O109+P109+U109+AA109+AF109 -> 0 | O109: =IF(D109=H109,2,0) -> 0 | P109: =IF(F109=J109,2,0) -> 0 | Q109: =IF(O109+P109=4,5,0) -> 0 | S109: =IF(D109=F109,1,0) -> 1 | T109: =IF(H109=J109,1,0) -> 0 | U109: =IF(S109+T109=2,5,0) -> 0 | V109: =IF(Q109=5,0,U109) -> 0 | X109: =IF(D109>F109,1,0) -> 0 | Y109: =IF(H109>J109,1,0) -> 1 | Z109: =IF(X109+Y109=2,5,0) -> 0 | AA109: =IF(H109="n",0,Z109) -> 0 | AB109: =IF(Q109=5,0,AA109) -> 0 | AD109: =IF(D109<F109,1,0) -> 0 | AE109: =IF(H109<J109,1,0) -> 0 | AF109: =IF(AD109+AE109=2,5,0) -> 0 | AG109: =IF(Q109=5,0,AF109) -> 0
E110: x | H110: n | I110: x | J110: d | K110: =O110+P110+U110+AA110+AF110 -> 0 | O110: =IF(D110=H110,2,0) -> 0 | P110: =IF(F110=J110,2,0) -> 0 | Q110: =IF(O110+P110=4,5,0) -> 0 | S110: =IF(D110=F110,1,0) -> 1 | T110: =IF(H110=J110,1,0) -> 0 | U110: =IF(S110+T110=2,5,0) -> 0 | V110: =IF(Q110=5,0,U110) -> 0 | X110: =IF(D110>F110,1,0) -> 0 | Y110: =IF(H110>J110,1,0) -> 1 | Z110: =IF(X110+Y110=2,5,0) -> 0 | AA110: =IF(H110="n",0,Z110) -> 0 | AB110: =IF(Q110=5,0,AA110) -> 0 | AD110: =IF(D110<F110,1,0) -> 0 | AE110: =IF(H110<J110,1,0) -> 0 | AF110: =IF(AD110+AE110=2,5,0) -> 0 | AG110: =IF(Q110=5,0,AF110) -> 0
K111: =SUM(K4:K110) -> 11

Sheet T (2)
A1: Nome | C1: Erick Maia | S1: empate | X1: vitoria A | AD1: Vitiria B
O2: ok | P2: ok
D3: PARTICIPANTE | H3: OFICIAL | K3: PONTOS
A4: =TABELA!A4 -> 46201 | B4: =TABELA!B4 -> 0.66666667 | C4: =TABELA!C4 -> Africa do Sul | D4: 0 | E4: x | F4: 2 | G4: =TABELA!G4 -> Canadá | H4: =TABELA!D4 -> 0 | I4: x | J4: =TABELA!F4 -> 1 | K4: =O4+P4+U4+AA4+AF4 -> 7 | L4: a | O4: =IF(D4=H4,2,0) -> 2 | P4: =IF(F4=J4,2,0) -> 0 | Q4: =IF(O4+P4=4,5,0) -> 0 | S4: =IF(D4=F4,1,0) -> 0 | T4: =IF(H4=J4,1,0) -> 0 | U4: =IF(S4+T4=2,5,0) -> 0 | V4: =IF(Q4=5,0,U4) -> 0 | X4: =IF(D4>F4,1,0) -> 0 | Y4: =IF(H4>J4,1,0) -> 0 | Z4: =IF(X4+Y4=2,5,0) -> 0 | AA4: =IF(H4="n",0,Z4) -> 0 | AB4: =IF(Q4=5,0,AA4) -> 0 | AD4: =IF(D4<F4,1,0) -> 1 | AE4: =IF(H4<J4,1,0) -> 1 | AF4: =IF(AD4+AE4=2,5,0) -> 5 | AG4: =IF(Q4=5,0,AF4) -> 5
A5: =TABELA!A5 -> 46202 | B5: =TABELA!B5 -> 0.58333333 | C5: =TABELA!C5 -> Brasil | D5: 2 | E5: x | F5: 2 | G5: =TABELA!G5 -> Japão | H5: =TABELA!D5 -> 2 | I5: x | J5: =TABELA!F5 -> 1 | K5: =O5+P5+U5+AA5+AF5 -> 2 | O5: =IF(D5=H5,2,0) -> 2 | P5: =IF(F5=J5,2,0) -> 0 | Q5: =IF(O5+P5=4,5,0) -> 0 | S5: =IF(D5=F5,1,0) -> 1 | T5: =IF(H5=J5,1,0) -> 0 | U5: =IF(S5+T5=2,5,0) -> 0 | V5: =IF(Q5=5,0,U5) -> 0 | X5: =IF(D5>F5,1,0) -> 0 | Y5: =IF(H5>J5,1,0) -> 1 | Z5: =IF(X5+Y5=2,5,0) -> 0 | AA5: =IF(H5="n",0,Z5) -> 0 | AB5: =IF(Q5=5,0,AA5) -> 0 | AD5: =IF(D5<F5,1,0) -> 0 | AE5: =IF(H5<J5,1,0) -> 0 | AF5: =IF(AD5+AE5=2,5,0) -> 0 | AG5: =IF(Q5=5,0,AF5) -> 0
A6: =TABELA!A6 -> 46202 | B6: =TABELA!B6 -> 0.72916667 | C6: =TABELA!C6 -> Alemanha | D6: 3 | E6: x | F6: 0 | G6: =TABELA!G6 -> Paraguai | H6: =TABELA!D6 -> 1 | I6: x | J6: =TABELA!F6 -> 1 | K6: =O6+P6+U6+AA6+AF6 -> 0 | O6: =IF(D6=H6,2,0) -> 0 | P6: =IF(F6=J6,2,0) -> 0 | Q6: =IF(O6+P6=4,5,0) -> 0 | S6: =IF(D6=F6,1,0) -> 0 | T6: =IF(H6=J6,1,0) -> 1 | U6: =IF(S6+T6=2,5,0) -> 0 | V6: =IF(Q6=5,0,U6) -> 0 | X6: =IF(D6>F6,1,0) -> 1 | Y6: =IF(H6>J6,1,0) -> 0 | Z6: =IF(X6+Y6=2,5,0) -> 0 | AA6: =IF(H6="n",0,Z6) -> 0 | AB6: =IF(Q6=5,0,AA6) -> 0 | AD6: =IF(D6<F6,1,0) -> 0 | AE6: =IF(H6<J6,1,0) -> 0 | AF6: =IF(AD6+AE6=2,5,0) -> 0 | AG6: =IF(Q6=5,0,AF6) -> 0
A7: =TABELA!A7 -> 46202 | B7: =TABELA!B7 -> 0.91666667 | C7: =TABELA!C7 -> Holanda | D7: 3 | E7: x | F7: 1 | G7: =TABELA!G7 -> Marrocos | H7: =TABELA!D7 -> 1 | I7: x | J7: =TABELA!F7 -> 1 | K7: =O7+P7+U7+AA7+AF7 -> 2 | O7: =IF(D7=H7,2,0) -> 0 | P7: =IF(F7=J7,2,0) -> 2 | Q7: =IF(O7+P7=4,5,0) -> 0 | S7: =IF(D7=F7,1,0) -> 0 | T7: =IF(H7=J7,1,0) -> 1 | U7: =IF(S7+T7=2,5,0) -> 0 | V7: =IF(Q7=5,0,U7) -> 0 | X7: =IF(D7>F7,1,0) -> 1 | Y7: =IF(H7>J7,1,0) -> 0 | Z7: =IF(X7+Y7=2,5,0) -> 0 | AA7: =IF(H7="n",0,Z7) -> 0 | AB7: =IF(Q7=5,0,AA7) -> 0 | AD7: =IF(D7<F7,1,0) -> 0 | AE7: =IF(H7<J7,1,0) -> 0 | AF7: =IF(AD7+AE7=2,5,0) -> 0 | AG7: =IF(Q7=5,0,AF7) -> 0
A8: =TABELA!A8 -> 46203 | B8: =TABELA!B8 -> 0.58333333 | C8: =TABELA!C8 -> Cost. do Marf. | D8: 1 | E8: x | F8: 2 | G8: =TABELA!G8 -> Noruega | H8: =TABELA!D8 -> n | I8: x | J8: =TABELA!F8 -> d | K8: =O8+P8+U8+AA8+AF8 -> 0 | O8: =IF(D8=H8,2,0) -> 0 | P8: =IF(F8=J8,2,0) -> 0 | Q8: =IF(O8+P8=4,5,0) -> 0 | S8: =IF(D8=F8,1,0) -> 0 | T8: =IF(H8=J8,1,0) -> 0 | U8: =IF(S8+T8=2,5,0) -> 0 | V8: =IF(Q8=5,0,U8) -> 0 | X8: =IF(D8>F8,1,0) -> 0 | Y8: =IF(H8>J8,1,0) -> 1 | Z8: =IF(X8+Y8=2,5,0) -> 0 | AA8: =IF(H8="n",0,Z8) -> 0 | AB8: =IF(Q8=5,0,AA8) -> 0 | AD8: =IF(D8<F8,1,0) -> 1 | AE8: =IF(H8<J8,1,0) -> 0 | AF8: =IF(AD8+AE8=2,5,0) -> 0 | AG8: =IF(Q8=5,0,AF8) -> 0
A9: =TABELA!A9 -> 46203 | B9: =TABELA!B9 -> 0.75 | C9: =TABELA!C9 -> França | D9: 3 | E9: x | F9: 0 | G9: =TABELA!G9 -> Suécia | H9: =TABELA!D9 -> n | I9: x | J9: =TABELA!F9 -> d | K9: =O9+P9+U9+AA9+AF9 -> 0 | O9: =IF(D9=H9,2,0) -> 0 | P9: =IF(F9=J9,2,0) -> 0 | Q9: =IF(O9+P9=4,5,0) -> 0 | S9: =IF(D9=F9,1,0) -> 0 | T9: =IF(H9=J9,1,0) -> 0 | U9: =IF(S9+T9=2,5,0) -> 0 | V9: =IF(Q9=5,0,U9) -> 0 | X9: =IF(D9>F9,1,0) -> 1 | Y9: =IF(H9>J9,1,0) -> 1 | Z9: =IF(X9+Y9=2,5,0) -> 5 | AA9: =IF(H9="n",0,Z9) -> 0 | AB9: =IF(Q9=5,0,AA9) -> 0 | AD9: =IF(D9<F9,1,0) -> 0 | AE9: =IF(H9<J9,1,0) -> 0 | AF9: =IF(AD9+AE9=2,5,0) -> 0 | AG9: =IF(Q9=5,0,AF9) -> 0
A11: =TABELA!A11 -> 46203 | B11: =TABELA!B11 -> 0.91666667 | C11: =TABELA!C11 -> México | D11: 2 | E11: x | F11: 1 | G11: =TABELA!G11 -> Equador | H11: =TABELA!D11 -> n | I11: x | J11: =TABELA!F11 -> d | K11: =O11+P11+U11+AA11+AF11 -> 0 | L11: B | O11: =IF(D11=H11,2,0) -> 0 | P11: =IF(F11=J11,2,0) -> 0 | Q11: =IF(O11+P11=4,5,0) -> 0 | S11: =IF(D11=F11,1,0) -> 0 | T11: =IF(H11=J11,1,0) -> 0 | U11: =IF(S11+T11=2,5,0) -> 0 | V11: =IF(Q11=5,0,U11) -> 0 | X11: =IF(D11>F11,1,0) -> 1 | Y11: =IF(H11>J11,1,0) -> 1 | Z11: =IF(X11+Y11=2,5,0) -> 5 | AA11: =IF(H11="n",0,Z11) -> 0 | AB11: =IF(Q11=5,0,AA11) -> 0 | AD11: =IF(D11<F11,1,0) -> 0 | AE11: =IF(H11<J11,1,0) -> 0 | AF11: =IF(AD11+AE11=2,5,0) -> 0 | AG11: =IF(Q11=5,0,AF11) -> 0
A12: =TABELA!A12 -> 46204 | B12: =TABELA!B12 -> 0.54166667 | C12: =TABELA!C12 -> Inglaterra | D12: 3 | E12: x | F12: 1 | G12: =TABELA!G12 -> Congo | H12: =TABELA!D12 -> n | I12: x | J12: =TABELA!F12 -> d | K12: =O12+P12+U12+AA12+AF12 -> 0 | O12: =IF(D12=H12,2,0) -> 0 | P12: =IF(F12=J12,2,0) -> 0 | Q12: =IF(O12+P12=4,5,0) -> 0 | S12: =IF(D12=F12,1,0) -> 0 | T12: =IF(H12=J12,1,0) -> 0 | U12: =IF(S12+T12=2,5,0) -> 0 | V12: =IF(Q12=5,0,U12) -> 0 | X12: =IF(D12>F12,1,0) -> 1 | Y12: =IF(H12>J12,1,0) -> 1 | Z12: =IF(X12+Y12=2,5,0) -> 5 | AA12: =IF(H12="n",0,Z12) -> 0 | AB12: =IF(Q12=5,0,AA12) -> 0 | AD12: =IF(D12<F12,1,0) -> 0 | AE12: =IF(H12<J12,1,0) -> 0 | AF12: =IF(AD12+AE12=2,5,0) -> 0 | AG12: =IF(Q12=5,0,AF12) -> 0
A13: =TABELA!A13 -> 46204 | B13: =TABELA!B13 -> 0.70833333 | C13: =TABELA!C13 -> Bélgica | D13: 2 | E13: x | F13: 1 | G13: =TABELA!G13 -> Senegal | H13: =TABELA!D13 -> n | I13: x | J13: =TABELA!F13 -> d | K13: =O13+P13+U13+AA13+AF13 -> 0 | O13: =IF(D13=H13,2,0) -> 0 | P13: =IF(F13=J13,2,0) -> 0 | Q13: =IF(O13+P13=4,5,0) -> 0 | S13: =IF(D13=F13,1,0) -> 0 | T13: =IF(H13=J13,1,0) -> 0 | U13: =IF(S13+T13=2,5,0) -> 0 | V13: =IF(Q13=5,0,U13) -> 0 | X13: =IF(D13>F13,1,0) -> 1 | Y13: =IF(H13>J13,1,0) -> 1 | Z13: =IF(X13+Y13=2,5,0) -> 5 | AA13: =IF(H13="n",0,Z13) -> 0 | AB13: =IF(Q13=5,0,AA13) -> 0 | AD13: =IF(D13<F13,1,0) -> 0 | AE13: =IF(H13<J13,1,0) -> 0 | AF13: =IF(AD13+AE13=2,5,0) -> 0 | AG13: =IF(Q13=5,0,AF13) -> 0
A14: =TABELA!A14 -> 46204 | B14: =TABELA!B14 -> 0.875 | C14: =TABELA!C14 -> Estados Unidos | D14: 4 | E14: x | F14: 1 | G14: =TABELA!G14 -> Bósnia | H14: =TABELA!D14 -> n | I14: x | J14: =TABELA!F14 -> d | K14: =O14+P14+U14+AA14+AF14 -> 0 | O14: =IF(D14=H14,2,0) -> 0 | P14: =IF(F14=J14,2,0) -> 0 | Q14: =IF(O14+P14=4,5,0) -> 0 | S14: =IF(D14=F14,1,0) -> 0 | T14: =IF(H14=J14,1,0) -> 0 | U14: =IF(S14+T14=2,5,0) -> 0 | V14: =IF(Q14=5,0,U14) -> 0 | X14: =IF(D14>F14,1,0) -> 1 | Y14: =IF(H14>J14,1,0) -> 1 | Z14: =IF(X14+Y14=2,5,0) -> 5 | AA14: =IF(H14="n",0,Z14) -> 0 | AB14: =IF(Q14=5,0,AA14) -> 0 | AD14: =IF(D14<F14,1,0) -> 0 | AE14: =IF(H14<J14,1,0) -> 0 | AF14: =IF(AD14+AE14=2,5,0) -> 0 | AG14: =IF(Q14=5,0,AF14) -> 0
A15: =TABELA!A15 -> 46205 | B15: =TABELA!B15 -> 0.66666667 | C15: Espanha | D15: 4 | E15: x | F15: 1 | G15: =TABELA!G15 -> Áustria | H15: =TABELA!D15 -> n | I15: x | J15: =TABELA!F15 -> d | K15: =O15+P15+U15+AA15+AF15 -> 0 | O15: =IF(D15=H15,2,0) -> 0 | P15: =IF(F15=J15,2,0) -> 0 | Q15: =IF(O15+P15=4,5,0) -> 0 | S15: =IF(D15=F15,1,0) -> 0 | T15: =IF(H15=J15,1,0) -> 0 | U15: =IF(S15+T15=2,5,0) -> 0 | V15: =IF(Q15=5,0,U15) -> 0 | X15: =IF(D15>F15,1,0) -> 1 | Y15: =IF(H15>J15,1,0) -> 1 | Z15: =IF(X15+Y15=2,5,0) -> 5 | AA15: =IF(H15="n",0,Z15) -> 0 | AB15: =IF(Q15=5,0,AA15) -> 0 | AD15: =IF(D15<F15,1,0) -> 0 | AE15: =IF(H15<J15,1,0) -> 0 | AF15: =IF(AD15+AE15=2,5,0) -> 0 | AG15: =IF(Q15=5,0,AF15) -> 0
A16: =TABELA!A16 -> 46205 | B16: =TABELA!B16 -> 0.83333333 | C16: =TABELA!C16 -> Portugal | D16: 3 | E16: x | F16: 1 | G16: =TABELA!G16 -> Croácia | H16: =TABELA!D16 -> n | I16: x | J16: =TABELA!F16 -> d | K16: =O16+P16+U16+AA16+AF16 -> 0 | O16: =IF(D16=H16,2,0) -> 0 | P16: =IF(F16=J16,2,0) -> 0 | Q16: =IF(O16+P16=4,5,0) -> 0 | S16: =IF(D16=F16,1,0) -> 0 | T16: =IF(H16=J16,1,0) -> 0 | U16: =IF(S16+T16=2,5,0) -> 0 | V16: =IF(Q16=5,0,U16) -> 0 | X16: =IF(D16>F16,1,0) -> 1 | Y16: =IF(H16>J16,1,0) -> 1 | Z16: =IF(X16+Y16=2,5,0) -> 5 | AA16: =IF(H16="n",0,Z16) -> 0 | AB16: =IF(Q16=5,0,AA16) -> 0 | AD16: =IF(D16<F16,1,0) -> 0 | AE16: =IF(H16<J16,1,0) -> 0 | AF16: =IF(AD16+AE16=2,5,0) -> 0 | AG16: =IF(Q16=5,0,AF16) -> 0
A18: =TABELA!A18 -> 46206 | B18: =TABELA!B18 -> 0 | C18: =TABELA!C18 -> Suíça | D18: 3 | E18: x | F18: 0 | G18: =TABELA!G18 -> Argélia | H18: =TABELA!D18 -> n | I18: x | J18: =TABELA!F18 -> d | K18: =O18+P18+U18+AA18+AF18 -> 0 | L18: C | O18: =IF(D18=H18,2,0) -> 0 | P18: =IF(F18=J18,2,0) -> 0 | Q18: =IF(O18+P18=4,5,0) -> 0 | S18: =IF(D18=F18,1,0) -> 0 | T18: =IF(H18=J18,1,0) -> 0 | U18: =IF(S18+T18=2,5,0) -> 0 | V18: =IF(Q18=5,0,U18) -> 0 | X18: =IF(D18>F18,1,0) -> 1 | Y18: =IF(H18>J18,1,0) -> 1 | Z18: =IF(X18+Y18=2,5,0) -> 5 | AA18: =IF(H18="n",0,Z18) -> 0 | AB18: =IF(Q18=5,0,AA18) -> 0 | AD18: =IF(D18<F18,1,0) -> 0 | AE18: =IF(H18<J18,1,0) -> 0 | AF18: =IF(AD18+AE18=2,5,0) -> 0 | AG18: =IF(Q18=5,0,AF18) -> 0
A20: =TABELA!A20 -> 46206 | B20: =TABELA!B20 -> 0.625 | C20: =TABELA!C20 -> Austrália | D20: 0 | E20: x | F20: 2 | G20: =TABELA!G20 -> Egito | H20: =TABELA!D20 -> n | I20: x | J20: =TABELA!F20 -> d | K20: =O20+P20+U20+AA20+AF20 -> 0 | O20: =IF(D20=H20,2,0) -> 0 | P20: =IF(F20=J20,2,0) -> 0 | Q20: =IF(O20+P20=4,5,0) -> 0 | S20: =IF(D20=F20,1,0) -> 0 | T20: =IF(H20=J20,1,0) -> 0 | U20: =IF(S20+T20=2,5,0) -> 0 | V20: =IF(Q20=5,0,U20) -> 0 | X20: =IF(D20>F20,1,0) -> 0 | Y20: =IF(H20>J20,1,0) -> 1 | Z20: =IF(X20+Y20=2,5,0) -> 0 | AA20: =IF(H20="n",0,Z20) -> 0 | AB20: =IF(Q20=5,0,AA20) -> 0 | AD20: =IF(D20<F20,1,0) -> 1 | AE20: =IF(H20<J20,1,0) -> 0 | AF20: =IF(AD20+AE20=2,5,0) -> 0 | AG20: =IF(Q20=5,0,AF20) -> 0
A22: =TABELA!A22 -> 46206 | B22: =TABELA!B22 -> 0.79166667 | C22: =TABELA!C22 -> Argentina | D22: 3 | E22: x | F22: 0 | G22: =TABELA!G22 -> Cabo Verde | H22: =TABELA!D22 -> n | I22: x | J22: =TABELA!F22 -> d | K22: =O22+P22+U22+AA22+AF22 -> 0 | O22: =IF(D22=H22,2,0) -> 0 | P22: =IF(F22=J22,2,0) -> 0 | Q22: =IF(O22+P22=4,5,0) -> 0 | S22: =IF(D22=F22,1,0) -> 0 | T22: =IF(H22=J22,1,0) -> 0 | U22: =IF(S22+T22=2,5,0) -> 0 | V22: =IF(Q22=5,0,U22) -> 0 | X22: =IF(D22>F22,1,0) -> 1 | Y22: =IF(H22>J22,1,0) -> 1 | Z22: =IF(X22+Y22=2,5,0) -> 5 | AA22: =IF(H22="n",0,Z22) -> 0 | AB22: =IF(Q22=5,0,AA22) -> 0 | AD22: =IF(D22<F22,1,0) -> 0 | AE22: =IF(H22<J22,1,0) -> 0 | AF22: =IF(AD22+AE22=2,5,0) -> 0 | AG22: =IF(Q22=5,0,AF22) -> 0
A24: =TABELA!A24 -> 46206 | B24: =TABELA!B24 -> 0.9375 | C24: Colômbia | D24: 1 | E24: x | F24: 1 | G24: Gana | H24: =TABELA!D24 -> n | I24: x | J24: =TABELA!F24 -> d | K24: =O24+P24+U24+AA24+AF24 -> 0 | O24: =IF(D24=H24,2,0) -> 0 | P24: =IF(F24=J24,2,0) -> 0 | Q24: =IF(O24+P24=4,5,0) -> 0 | S24: =IF(D24=F24,1,0) -> 1 | T24: =IF(H24=J24,1,0) -> 0 | U24: =IF(S24+T24=2,5,0) -> 0 | V24: =IF(Q24=5,0,U24) -> 0 | X24: =IF(D24>F24,1,0) -> 0 | Y24: =IF(H24>J24,1,0) -> 1 | Z24: =IF(X24+Y24=2,5,0) -> 0 | AA24: =IF(H24="n",0,Z24) -> 0 | AB24: =IF(Q24=5,0,AA24) -> 0 | AD24: =IF(D24<F24,1,0) -> 0 | AE24: =IF(H24<J24,1,0) -> 0 | AF24: =IF(AD24+AE24=2,5,0) -> 0 | AG24: =IF(Q24=5,0,AF24) -> 0
A26: 46207 | B26: 0.58333333 | E26: x | H26: n | I26: x | J26: d | K26: =O26+P26+U26+AA26+AF26 -> 0 | O26: =IF(D26=H26,2,0) -> 0 | P26: =IF(F26=J26,2,0) -> 0 | Q26: =IF(O26+P26=4,5,0) -> 0 | S26: =IF(D26=F26,1,0) -> 1 | T26: =IF(H26=J26,1,0) -> 0 | U26: =IF(S26+T26=2,5,0) -> 0 | V26: =IF(Q26=5,0,U26) -> 0 | X26: =IF(D26>F26,1,0) -> 0 | Y26: =IF(H26>J26,1,0) -> 1 | Z26: =IF(X26+Y26=2,5,0) -> 0 | AA26: =IF(H26="n",0,Z26) -> 0 | AB26: =IF(Q26=5,0,AA26) -> 0 | AD26: =IF(D26<F26,1,0) -> 0 | AE26: =IF(H26<J26,1,0) -> 0 | AF26: =IF(AD26+AE26=2,5,0) -> 0 | AG26: =IF(Q26=5,0,AF26) -> 0
A28: 46207 | B28: 0.75 | E28: x | H28: n | I28: x | J28: d | K28: =O28+P28+U28+AA28+AF28 -> 0 | O28: =IF(D28=H28,2,0) -> 0 | P28: =IF(F28=J28,2,0) -> 0 | Q28: =IF(O28+P28=4,5,0) -> 0 | S28: =IF(D28=F28,1,0) -> 1 | T28: =IF(H28=J28,1,0) -> 0 | U28: =IF(S28+T28=2,5,0) -> 0 | V28: =IF(Q28=5,0,U28) -> 0 | X28: =IF(D28>F28,1,0) -> 0 | Y28: =IF(H28>J28,1,0) -> 1 | Z28: =IF(X28+Y28=2,5,0) -> 0 | AA28: =IF(H28="n",0,Z28) -> 0 | AB28: =IF(Q28=5,0,AA28) -> 0 | AD28: =IF(D28<F28,1,0) -> 0 | AE28: =IF(H28<J28,1,0) -> 0 | AF28: =IF(AD28+AE28=2,5,0) -> 0 | AG28: =IF(Q28=5,0,AF28) -> 0
A31: 46208 | B31: 0.70833333 | E31: x | H31: n | I31: x | J31: d | K31: =O31+P31+U31+AA31+AF31 -> 0 | L31: D | O31: =IF(D31=H31,2,0) -> 0 | P31: =IF(F31=J31,2,0) -> 0 | Q31: =IF(O31+P31=4,5,0) -> 0 | S31: =IF(D31=F31,1,0) -> 1 | T31: =IF(H31=J31,1,0) -> 0 | U31: =IF(S31+T31=2,5,0) -> 0 | V31: =IF(Q31=5,0,U31) -> 0 | X31: =IF(D31>F31,1,0) -> 0 | Y31: =IF(H31>J31,1,0) -> 1 | Z31: =IF(X31+Y31=2,5,0) -> 0 | AA31: =IF(H31="n",0,Z31) -> 0 | AB31: =IF(Q31=5,0,AA31) -> 0 | AD31: =IF(D31<F31,1,0) -> 0 | AE31: =IF(H31<J31,1,0) -> 0 | AF31: =IF(AD31+AE31=2,5,0) -> 0 | AG31: =IF(Q31=5,0,AF31) -> 0
A33: 46208 | B33: 0.875 | E33: x | H33: n | I33: x | J33: d | K33: =O33+P33+U33+AA33+AF33 -> 0 | O33: =IF(D33=H33,2,0) -> 0 | P33: =IF(F33=J33,2,0) -> 0 | Q33: =IF(O33+P33=4,5,0) -> 0 | S33: =IF(D33=F33,1,0) -> 1 | T33: =IF(H33=J33,1,0) -> 0 | U33: =IF(S33+T33=2,5,0) -> 0 | V33: =IF(Q33=5,0,U33) -> 0 | X33: =IF(D33>F33,1,0) -> 0 | Y33: =IF(H33>J33,1,0) -> 1 | Z33: =IF(X33+Y33=2,5,0) -> 0 | AA33: =IF(H33="n",0,Z33) -> 0 | AB33: =IF(Q33=5,0,AA33) -> 0 | AD33: =IF(D33<F33,1,0) -> 0 | AE33: =IF(H33<J33,1,0) -> 0 | AF33: =IF(AD33+AE33=2,5,0) -> 0 | AG33: =IF(Q33=5,0,AF33) -> 0
A35: 46209 | B35: 0.66666667 | E35: x | H35: n | I35: x | J35: d | K35: =O35+P35+U35+AA35+AF35 -> 0 | O35: =IF(D35=H35,2,0) -> 0 | P35: =IF(F35=J35,2,0) -> 0 | Q35: =IF(O35+P35=4,5,0) -> 0 | S35: =IF(D35=F35,1,0) -> 1 | T35: =IF(H35=J35,1,0) -> 0 | U35: =IF(S35+T35=2,5,0) -> 0 | V35: =IF(Q35=5,0,U35) -> 0 | X35: =IF(D35>F35,1,0) -> 0 | Y35: =IF(H35>J35,1,0) -> 1 | Z35: =IF(X35+Y35=2,5,0) -> 0 | AA35: =IF(H35="n",0,Z35) -> 0 | AB35: =IF(Q35=5,0,AA35) -> 0 | AD35: =IF(D35<F35,1,0) -> 0 | AE35: =IF(H35<J35,1,0) -> 0 | AF35: =IF(AD35+AE35=2,5,0) -> 0 | AG35: =IF(Q35=5,0,AF35) -> 0
A37: 46209 | B37: 0.875 | E37: x | H37: n | I37: x | J37: d | K37: =O37+P37+U37+AA37+AF37 -> 0 | O37: =IF(D37=H37,2,0) -> 0 | P37: =IF(F37=J37,2,0) -> 0 | Q37: =IF(O37+P37=4,5,0) -> 0 | S37: =IF(D37=F37,1,0) -> 1 | T37: =IF(H37=J37,1,0) -> 0 | U37: =IF(S37+T37=2,5,0) -> 0 | V37: =IF(Q37=5,0,U37) -> 0 | X37: =IF(D37>F37,1,0) -> 0 | Y37: =IF(H37>J37,1,0) -> 1 | Z37: =IF(X37+Y37=2,5,0) -> 0 | AA37: =IF(H37="n",0,Z37) -> 0 | AB37: =IF(Q37=5,0,AA37) -> 0 | AD37: =IF(D37<F37,1,0) -> 0 | AE37: =IF(H37<J37,1,0) -> 0 | AF37: =IF(AD37+AE37=2,5,0) -> 0 | AG37: =IF(Q37=5,0,AF37) -> 0
A39: 46210 | B39: 0.54166667 | E39: x | H39: n | I39: x | J39: d | K39: =O39+P39+U39+AA39+AF39 -> 0 | O39: =IF(D39=H39,2,0) -> 0 | P39: =IF(F39=J39,2,0) -> 0 | Q39: =IF(O39+P39=4,5,0) -> 0 | S39: =IF(D39=F39,1,0) -> 1 | T39: =IF(H39=J39,1,0) -> 0 | U39: =IF(S39+T39=2,5,0) -> 0 | V39: =IF(Q39=5,0,U39) -> 0 | X39: =IF(D39>F39,1,0) -> 0 | Y39: =IF(H39>J39,1,0) -> 1 | Z39: =IF(X39+Y39=2,5,0) -> 0 | AA39: =IF(H39="n",0,Z39) -> 0 | AB39: =IF(Q39=5,0,AA39) -> 0 | AD39: =IF(D39<F39,1,0) -> 0 | AE39: =IF(H39<J39,1,0) -> 0 | AF39: =IF(AD39+AE39=2,5,0) -> 0 | AG39: =IF(Q39=5,0,AF39) -> 0
A41: 46210 | B41: 0.70833333 | E41: x | H41: n | I41: x | J41: d | K41: =O41+P41+U41+AA41+AF41 -> 0 | O41: =IF(D41=H41,2,0) -> 0 | P41: =IF(F41=J41,2,0) -> 0 | Q41: =IF(O41+P41=4,5,0) -> 0 | S41: =IF(D41=F41,1,0) -> 1 | T41: =IF(H41=J41,1,0) -> 0 | U41: =IF(S41+T41=2,5,0) -> 0 | V41: =IF(Q41=5,0,U41) -> 0 | X41: =IF(D41>F41,1,0) -> 0 | Y41: =IF(H41>J41,1,0) -> 1 | Z41: =IF(X41+Y41=2,5,0) -> 0 | AA41: =IF(H41="n",0,Z41) -> 0 | AB41: =IF(Q41=5,0,AA41) -> 0 | AD41: =IF(D41<F41,1,0) -> 0 | AE41: =IF(H41<J41,1,0) -> 0 | AF41: =IF(AD41+AE41=2,5,0) -> 0 | AG41: =IF(Q41=5,0,AF41) -> 0
A44: 46212 | B44: 0.70833333 | E44: x | H44: n | I44: x | J44: d | K44: =O44+P44+U44+AA44+AF44 -> 0 | L44: E | O44: =IF(D44=H44,2,0) -> 0 | P44: =IF(F44=J44,2,0) -> 0 | Q44: =IF(O44+P44=4,5,0) -> 0 | S44: =IF(D44=F44,1,0) -> 1 | T44: =IF(H44=J44,1,0) -> 0 | U44: =IF(S44+T44=2,5,0) -> 0 | V44: =IF(Q44=5,0,U44) -> 0 | X44: =IF(D44>F44,1,0) -> 0 | Y44: =IF(H44>J44,1,0) -> 1 | Z44: =IF(X44+Y44=2,5,0) -> 0 | AA44: =IF(H44="n",0,Z44) -> 0 | AB44: =IF(Q44=5,0,AA44) -> 0 | AD44: =IF(D44<F44,1,0) -> 0 | AE44: =IF(H44<J44,1,0) -> 0 | AF44: =IF(AD44+AE44=2,5,0) -> 0 | AG44: =IF(Q44=5,0,AF44) -> 0
A46: 46213 | B46: 0.66666667 | E46: x | H46: n | I46: x | J46: d | K46: =O46+P46+U46+AA46+AF46 -> 0 | O46: =IF(D46=H46,2,0) -> 0 | P46: =IF(F46=J46,2,0) -> 0 | Q46: =IF(O46+P46=4,5,0) -> 0 | S46: =IF(D46=F46,1,0) -> 1 | T46: =IF(H46=J46,1,0) -> 0 | U46: =IF(S46+T46=2,5,0) -> 0 | V46: =IF(Q46=5,0,U46) -> 0 | X46: =IF(D46>F46,1,0) -> 0 | Y46: =IF(H46>J46,1,0) -> 1 | Z46: =IF(X46+Y46=2,5,0) -> 0 | AA46: =IF(H46="n",0,Z46) -> 0 | AB46: =IF(Q46=5,0,AA46) -> 0 | AD46: =IF(D46<F46,1,0) -> 0 | AE46: =IF(H46<J46,1,0) -> 0 | AF46: =IF(AD46+AE46=2,5,0) -> 0 | AG46: =IF(Q46=5,0,AF46) -> 0
A48: 46214 | B48: 0.75 | E48: x | H48: n | I48: x | J48: d | K48: =O48+P48+U48+AA48+AF48 -> 0 | O48: =IF(D48=H48,2,0) -> 0 | P48: =IF(F48=J48,2,0) -> 0 | Q48: =IF(O48+P48=4,5,0) -> 0 | S48: =IF(D48=F48,1,0) -> 1 | T48: =IF(H48=J48,1,0) -> 0 | U48: =IF(S48+T48=2,5,0) -> 0 | V48: =IF(Q48=5,0,U48) -> 0 | X48: =IF(D48>F48,1,0) -> 0 | Y48: =IF(H48>J48,1,0) -> 1 | Z48: =IF(X48+Y48=2,5,0) -> 0 | AA48: =IF(H48="n",0,Z48) -> 0 | AB48: =IF(Q48=5,0,AA48) -> 0 | AD48: =IF(D48<F48,1,0) -> 0 | AE48: =IF(H48<J48,1,0) -> 0 | AF48: =IF(AD48+AE48=2,5,0) -> 0 | AG48: =IF(Q48=5,0,AF48) -> 0
A50: 46214 | B50: 0.91666667 | E50: x | H50: n | I50: x | J50: d | K50: =O50+P50+U50+AA50+AF50 -> 0 | O50: =IF(D50=H50,2,0) -> 0 | P50: =IF(F50=J50,2,0) -> 0 | Q50: =IF(O50+P50=4,5,0) -> 0 | S50: =IF(D50=F50,1,0) -> 1 | T50: =IF(H50=J50,1,0) -> 0 | U50: =IF(S50+T50=2,5,0) -> 0 | V50: =IF(Q50=5,0,U50) -> 0 | X50: =IF(D50>F50,1,0) -> 0 | Y50: =IF(H50>J50,1,0) -> 1 | Z50: =IF(X50+Y50=2,5,0) -> 0 | AA50: =IF(H50="n",0,Z50) -> 0 | AB50: =IF(Q50=5,0,AA50) -> 0 | AD50: =IF(D50<F50,1,0) -> 0 | AE50: =IF(H50<J50,1,0) -> 0 | AF50: =IF(AD50+AE50=2,5,0) -> 0 | AG50: =IF(Q50=5,0,AF50) -> 0
A52: 46217 | B52: 0.66666667 | E52: x | H52: n | I52: x | J52: d | K52: =O52+P52+U52+AA52+AF52 -> 0 | O52: =IF(D52=H52,2,0) -> 0 | P52: =IF(F52=J52,2,0) -> 0 | Q52: =IF(O52+P52=4,5,0) -> 0 | S52: =IF(D52=F52,1,0) -> 1 | T52: =IF(H52=J52,1,0) -> 0 | U52: =IF(S52+T52=2,5,0) -> 0 | V52: =IF(Q52=5,0,U52) -> 0 | X52: =IF(D52>F52,1,0) -> 0 | Y52: =IF(H52>J52,1,0) -> 1 | Z52: =IF(X52+Y52=2,5,0) -> 0 | AA52: =IF(H52="n",0,Z52) -> 0 | AB52: =IF(Q52=5,0,AA52) -> 0 | AD52: =IF(D52<F52,1,0) -> 0 | AE52: =IF(H52<J52,1,0) -> 0 | AF52: =IF(AD52+AE52=2,5,0) -> 0 | AG52: =IF(Q52=5,0,AF52) -> 0
A54: 46218 | B54: 0.66666667 | E54: x | H54: n | I54: x | J54: d | K54: =O54+P54+U54+AA54+AF54 -> 0 | O54: =IF(D54=H54,2,0) -> 0 | P54: =IF(F54=J54,2,0) -> 0 | Q54: =IF(O54+P54=4,5,0) -> 0 | S54: =IF(D54=F54,1,0) -> 1 | T54: =IF(H54=J54,1,0) -> 0 | U54: =IF(S54+T54=2,5,0) -> 0 | V54: =IF(Q54=5,0,U54) -> 0 | X54: =IF(D54>F54,1,0) -> 0 | Y54: =IF(H54>J54,1,0) -> 1 | Z54: =IF(X54+Y54=2,5,0) -> 0 | AA54: =IF(H54="n",0,Z54) -> 0 | AB54: =IF(Q54=5,0,AA54) -> 0 | AD54: =IF(D54<F54,1,0) -> 0 | AE54: =IF(H54<J54,1,0) -> 0 | AF54: =IF(AD54+AE54=2,5,0) -> 0 | AG54: =IF(Q54=5,0,AF54) -> 0
A57: 46221 | B57: 0.75 | E57: x | H57: n | I57: x | J57: d | K57: =O57+P57+U57+AA57+AF57 -> 0 | L57: F | O57: =IF(D57=H57,2,0) -> 0 | P57: =IF(F57=J57,2,0) -> 0 | Q57: =IF(O57+P57=4,5,0) -> 0 | S57: =IF(D57=F57,1,0) -> 1 | T57: =IF(H57=J57,1,0) -> 0 | U57: =IF(S57+T57=2,5,0) -> 0 | V57: =IF(Q57=5,0,U57) -> 0 | X57: =IF(D57>F57,1,0) -> 0 | Y57: =IF(H57>J57,1,0) -> 1 | Z57: =IF(X57+Y57=2,5,0) -> 0 | AA57: =IF(H57="n",0,Z57) -> 0 | AB57: =IF(Q57=5,0,AA57) -> 0 | AD57: =IF(D57<F57,1,0) -> 0 | AE57: =IF(H57<J57,1,0) -> 0 | AF57: =IF(AD57+AE57=2,5,0) -> 0 | AG57: =IF(Q57=5,0,AF57) -> 0
A59: 46222 | B59: 0.66666667 | E59: x | H59: n | I59: x | J59: d | K59: =O59+P59+U59+AA59+AF59 -> 0 | O59: =IF(D59=H59,2,0) -> 0 | P59: =IF(F59=J59,2,0) -> 0 | Q59: =IF(O59+P59=4,5,0) -> 0 | S59: =IF(D59=F59,1,0) -> 1 | T59: =IF(H59=J59,1,0) -> 0 | U59: =IF(S59+T59=2,5,0) -> 0 | V59: =IF(Q59=5,0,U59) -> 0 | X59: =IF(D59>F59,1,0) -> 0 | Y59: =IF(H59>J59,1,0) -> 1 | Z59: =IF(X59+Y59=2,5,0) -> 0 | AA59: =IF(H59="n",0,Z59) -> 0 | AB59: =IF(Q59=5,0,AA59) -> 0 | AD59: =IF(D59<F59,1,0) -> 0 | AE59: =IF(H59<J59,1,0) -> 0 | AF59: =IF(AD59+AE59=2,5,0) -> 0 | AG59: =IF(Q59=5,0,AF59) -> 0
E61: x | H61: n | I61: x | J61: d | K61: =O61+P61+U61+AA61+AF61 -> 0 | O61: =IF(D61=H61,2,0) -> 0 | P61: =IF(F61=J61,2,0) -> 0 | Q61: =IF(O61+P61=4,5,0) -> 0 | S61: =IF(D61=F61,1,0) -> 1 | T61: =IF(H61=J61,1,0) -> 0 | U61: =IF(S61+T61=2,5,0) -> 0 | V61: =IF(Q61=5,0,U61) -> 0 | X61: =IF(D61>F61,1,0) -> 0 | Y61: =IF(H61>J61,1,0) -> 1 | Z61: =IF(X61+Y61=2,5,0) -> 0 | AA61: =IF(H61="n",0,Z61) -> 0 | AB61: =IF(Q61=5,0,AA61) -> 0 | AD61: =IF(D61<F61,1,0) -> 0 | AE61: =IF(H61<J61,1,0) -> 0 | AF61: =IF(AD61+AE61=2,5,0) -> 0 | AG61: =IF(Q61=5,0,AF61) -> 0
E63: x | H63: n | I63: x | J63: d | K63: =O63+P63+U63+AA63+AF63 -> 0 | O63: =IF(D63=H63,2,0) -> 0 | P63: =IF(F63=J63,2,0) -> 0 | Q63: =IF(O63+P63=4,5,0) -> 0 | S63: =IF(D63=F63,1,0) -> 1 | T63: =IF(H63=J63,1,0) -> 0 | U63: =IF(S63+T63=2,5,0) -> 0 | V63: =IF(Q63=5,0,U63) -> 0 | X63: =IF(D63>F63,1,0) -> 0 | Y63: =IF(H63>J63,1,0) -> 1 | Z63: =IF(X63+Y63=2,5,0) -> 0 | AA63: =IF(H63="n",0,Z63) -> 0 | AB63: =IF(Q63=5,0,AA63) -> 0 | AD63: =IF(D63<F63,1,0) -> 0 | AE63: =IF(H63<J63,1,0) -> 0 | AF63: =IF(AD63+AE63=2,5,0) -> 0 | AG63: =IF(Q63=5,0,AF63) -> 0
E65: x | H65: n | I65: x | J65: d | K65: =O65+P65+U65+AA65+AF65 -> 0 | O65: =IF(D65=H65,2,0) -> 0 | P65: =IF(F65=J65,2,0) -> 0 | Q65: =IF(O65+P65=4,5,0) -> 0 | S65: =IF(D65=F65,1,0) -> 1 | T65: =IF(H65=J65,1,0) -> 0 | U65: =IF(S65+T65=2,5,0) -> 0 | V65: =IF(Q65=5,0,U65) -> 0 | X65: =IF(D65>F65,1,0) -> 0 | Y65: =IF(H65>J65,1,0) -> 1 | Z65: =IF(X65+Y65=2,5,0) -> 0 | AA65: =IF(H65="n",0,Z65) -> 0 | AB65: =IF(Q65=5,0,AA65) -> 0 | AD65: =IF(D65<F65,1,0) -> 0 | AE65: =IF(H65<J65,1,0) -> 0 | AF65: =IF(AD65+AE65=2,5,0) -> 0 | AG65: =IF(Q65=5,0,AF65) -> 0
E67: x | H67: n | I67: x | J67: d | K67: =O67+P67+U67+AA67+AF67 -> 0 | O67: =IF(D67=H67,2,0) -> 0 | P67: =IF(F67=J67,2,0) -> 0 | Q67: =IF(O67+P67=4,5,0) -> 0 | S67: =IF(D67=F67,1,0) -> 1 | T67: =IF(H67=J67,1,0) -> 0 | U67: =IF(S67+T67=2,5,0) -> 0 | V67: =IF(Q67=5,0,U67) -> 0 | X67: =IF(D67>F67,1,0) -> 0 | Y67: =IF(H67>J67,1,0) -> 1 | Z67: =IF(X67+Y67=2,5,0) -> 0 | AA67: =IF(H67="n",0,Z67) -> 0 | AB67: =IF(Q67=5,0,AA67) -> 0 | AD67: =IF(D67<F67,1,0) -> 0 | AE67: =IF(H67<J67,1,0) -> 0 | AF67: =IF(AD67+AE67=2,5,0) -> 0 | AG67: =IF(Q67=5,0,AF67) -> 0
E70: x | H70: n | I70: x | J70: d | K70: =O70+P70+U70+AA70+AF70 -> 0 | L70: G | O70: =IF(D70=H70,2,0) -> 0 | P70: =IF(F70=J70,2,0) -> 0 | Q70: =IF(O70+P70=4,5,0) -> 0 | S70: =IF(D70=F70,1,0) -> 1 | T70: =IF(H70=J70,1,0) -> 0 | U70: =IF(S70+T70=2,5,0) -> 0 | V70: =IF(Q70=5,0,U70) -> 0 | X70: =IF(D70>F70,1,0) -> 0 | Y70: =IF(H70>J70,1,0) -> 1 | Z70: =IF(X70+Y70=2,5,0) -> 0 | AA70: =IF(H70="n",0,Z70) -> 0 | AB70: =IF(Q70=5,0,AA70) -> 0 | AD70: =IF(D70<F70,1,0) -> 0 | AE70: =IF(H70<J70,1,0) -> 0 | AF70: =IF(AD70+AE70=2,5,0) -> 0 | AG70: =IF(Q70=5,0,AF70) -> 0
E71: x | H71: n | I71: x | J71: d | K71: =O71+P71+U71+AA71+AF71 -> 0 | O71: =IF(D71=H71,2,0) -> 0 | P71: =IF(F71=J71,2,0) -> 0 | Q71: =IF(O71+P71=4,5,0) -> 0 | S71: =IF(D71=F71,1,0) -> 1 | T71: =IF(H71=J71,1,0) -> 0 | U71: =IF(S71+T71=2,5,0) -> 0 | V71: =IF(Q71=5,0,U71) -> 0 | X71: =IF(D71>F71,1,0) -> 0 | Y71: =IF(H71>J71,1,0) -> 1 | Z71: =IF(X71+Y71=2,5,0) -> 0 | AA71: =IF(H71="n",0,Z71) -> 0 | AB71: =IF(Q71=5,0,AA71) -> 0 | AD71: =IF(D71<F71,1,0) -> 0 | AE71: =IF(H71<J71,1,0) -> 0 | AF71: =IF(AD71+AE71=2,5,0) -> 0 | AG71: =IF(Q71=5,0,AF71) -> 0
E72: x | H72: n | I72: x | J72: d | K72: =O72+P72+U72+AA72+AF72 -> 0 | O72: =IF(D72=H72,2,0) -> 0 | P72: =IF(F72=J72,2,0) -> 0 | Q72: =IF(O72+P72=4,5,0) -> 0 | S72: =IF(D72=F72,1,0) -> 1 | T72: =IF(H72=J72,1,0) -> 0 | U72: =IF(S72+T72=2,5,0) -> 0 | V72: =IF(Q72=5,0,U72) -> 0 | X72: =IF(D72>F72,1,0) -> 0 | Y72: =IF(H72>J72,1,0) -> 1 | Z72: =IF(X72+Y72=2,5,0) -> 0 | AA72: =IF(H72="n",0,Z72) -> 0 | AB72: =IF(Q72=5,0,AA72) -> 0 | AD72: =IF(D72<F72,1,0) -> 0 | AE72: =IF(H72<J72,1,0) -> 0 | AF72: =IF(AD72+AE72=2,5,0) -> 0 | AG72: =IF(Q72=5,0,AF72) -> 0
E73: x | H73: n | I73: x | J73: d | K73: =O73+P73+U73+AA73+AF73 -> 0 | O73: =IF(D73=H73,2,0) -> 0 | P73: =IF(F73=J73,2,0) -> 0 | Q73: =IF(O73+P73=4,5,0) -> 0 | S73: =IF(D73=F73,1,0) -> 1 | T73: =IF(H73=J73,1,0) -> 0 | U73: =IF(S73+T73=2,5,0) -> 0 | V73: =IF(Q73=5,0,U73) -> 0 | X73: =IF(D73>F73,1,0) -> 0 | Y73: =IF(H73>J73,1,0) -> 1 | Z73: =IF(X73+Y73=2,5,0) -> 0 | AA73: =IF(H73="n",0,Z73) -> 0 | AB73: =IF(Q73=5,0,AA73) -> 0 | AD73: =IF(D73<F73,1,0) -> 0 | AE73: =IF(H73<J73,1,0) -> 0 | AF73: =IF(AD73+AE73=2,5,0) -> 0 | AG73: =IF(Q73=5,0,AF73) -> 0
E74: x | H74: n | I74: x | J74: d | K74: =O74+P74+U74+AA74+AF74 -> 0 | O74: =IF(D74=H74,2,0) -> 0 | P74: =IF(F74=J74,2,0) -> 0 | Q74: =IF(O74+P74=4,5,0) -> 0 | S74: =IF(D74=F74,1,0) -> 1 | T74: =IF(H74=J74,1,0) -> 0 | U74: =IF(S74+T74=2,5,0) -> 0 | V74: =IF(Q74=5,0,U74) -> 0 | X74: =IF(D74>F74,1,0) -> 0 | Y74: =IF(H74>J74,1,0) -> 1 | Z74: =IF(X74+Y74=2,5,0) -> 0 | AA74: =IF(H74="n",0,Z74) -> 0 | AB74: =IF(Q74=5,0,AA74) -> 0 | AD74: =IF(D74<F74,1,0) -> 0 | AE74: =IF(H74<J74,1,0) -> 0 | AF74: =IF(AD74+AE74=2,5,0) -> 0 | AG74: =IF(Q74=5,0,AF74) -> 0
E75: x | H75: n | I75: x | J75: d | K75: =O75+P75+U75+AA75+AF75 -> 0 | O75: =IF(D75=H75,2,0) -> 0 | P75: =IF(F75=J75,2,0) -> 0 | Q75: =IF(O75+P75=4,5,0) -> 0 | S75: =IF(D75=F75,1,0) -> 1 | T75: =IF(H75=J75,1,0) -> 0 | U75: =IF(S75+T75=2,5,0) -> 0 | V75: =IF(Q75=5,0,U75) -> 0 | X75: =IF(D75>F75,1,0) -> 0 | Y75: =IF(H75>J75,1,0) -> 1 | Z75: =IF(X75+Y75=2,5,0) -> 0 | AA75: =IF(H75="n",0,Z75) -> 0 | AB75: =IF(Q75=5,0,AA75) -> 0 | AD75: =IF(D75<F75,1,0) -> 0 | AE75: =IF(H75<J75,1,0) -> 0 | AF75: =IF(AD75+AE75=2,5,0) -> 0 | AG75: =IF(Q75=5,0,AF75) -> 0
E77: x | H77: n | I77: x | J77: d | K77: =O77+P77+U77+AA77+AF77 -> 0 | L77: H | O77: =IF(D77=H77,2,0) -> 0 | P77: =IF(F77=J77,2,0) -> 0 | Q77: =IF(O77+P77=4,5,0) -> 0 | S77: =IF(D77=F77,1,0) -> 1 | T77: =IF(H77=J77,1,0) -> 0 | U77: =IF(S77+T77=2,5,0) -> 0 | V77: =IF(Q77=5,0,U77) -> 0 | X77: =IF(D77>F77,1,0) -> 0 | Y77: =IF(H77>J77,1,0) -> 1 | Z77: =IF(X77+Y77=2,5,0) -> 0 | AA77: =IF(H77="n",0,Z77) -> 0 | AB77: =IF(Q77=5,0,AA77) -> 0 | AD77: =IF(D77<F77,1,0) -> 0 | AE77: =IF(H77<J77,1,0) -> 0 | AF77: =IF(AD77+AE77=2,5,0) -> 0 | AG77: =IF(Q77=5,0,AF77) -> 0
E78: x | H78: n | I78: x | J78: d | K78: =O78+P78+U78+AA78+AF78 -> 0 | O78: =IF(D78=H78,2,0) -> 0 | P78: =IF(F78=J78,2,0) -> 0 | Q78: =IF(O78+P78=4,5,0) -> 0 | S78: =IF(D78=F78,1,0) -> 1 | T78: =IF(H78=J78,1,0) -> 0 | U78: =IF(S78+T78=2,5,0) -> 0 | V78: =IF(Q78=5,0,U78) -> 0 | X78: =IF(D78>F78,1,0) -> 0 | Y78: =IF(H78>J78,1,0) -> 1 | Z78: =IF(X78+Y78=2,5,0) -> 0 | AA78: =IF(H78="n",0,Z78) -> 0 | AB78: =IF(Q78=5,0,AA78) -> 0 | AD78: =IF(D78<F78,1,0) -> 0 | AE78: =IF(H78<J78,1,0) -> 0 | AF78: =IF(AD78+AE78=2,5,0) -> 0 | AG78: =IF(Q78=5,0,AF78) -> 0
E79: x | H79: n | I79: x | J79: d | K79: =O79+P79+U79+AA79+AF79 -> 0 | O79: =IF(D79=H79,2,0) -> 0 | P79: =IF(F79=J79,2,0) -> 0 | Q79: =IF(O79+P79=4,5,0) -> 0 | S79: =IF(D79=F79,1,0) -> 1 | T79: =IF(H79=J79,1,0) -> 0 | U79: =IF(S79+T79=2,5,0) -> 0 | V79: =IF(Q79=5,0,U79) -> 0 | X79: =IF(D79>F79,1,0) -> 0 | Y79: =IF(H79>J79,1,0) -> 1 | Z79: =IF(X79+Y79=2,5,0) -> 0 | AA79: =IF(H79="n",0,Z79) -> 0 | AB79: =IF(Q79=5,0,AA79) -> 0 | AD79: =IF(D79<F79,1,0) -> 0 | AE79: =IF(H79<J79,1,0) -> 0 | AF79: =IF(AD79+AE79=2,5,0) -> 0 | AG79: =IF(Q79=5,0,AF79) -> 0
E80: x | H80: n | I80: x | J80: d | K80: =O80+P80+U80+AA80+AF80 -> 0 | O80: =IF(D80=H80,2,0) -> 0 | P80: =IF(F80=J80,2,0) -> 0 | Q80: =IF(O80+P80=4,5,0) -> 0 | S80: =IF(D80=F80,1,0) -> 1 | T80: =IF(H80=J80,1,0) -> 0 | U80: =IF(S80+T80=2,5,0) -> 0 | V80: =IF(Q80=5,0,U80) -> 0 | X80: =IF(D80>F80,1,0) -> 0 | Y80: =IF(H80>J80,1,0) -> 1 | Z80: =IF(X80+Y80=2,5,0) -> 0 | AA80: =IF(H80="n",0,Z80) -> 0 | AB80: =IF(Q80=5,0,AA80) -> 0 | AD80: =IF(D80<F80,1,0) -> 0 | AE80: =IF(H80<J80,1,0) -> 0 | AF80: =IF(AD80+AE80=2,5,0) -> 0 | AG80: =IF(Q80=5,0,AF80) -> 0
E81: x | H81: n | I81: x | J81: d | K81: =O81+P81+U81+AA81+AF81 -> 0 | O81: =IF(D81=H81,2,0) -> 0 | P81: =IF(F81=J81,2,0) -> 0 | Q81: =IF(O81+P81=4,5,0) -> 0 | S81: =IF(D81=F81,1,0) -> 1 | T81: =IF(H81=J81,1,0) -> 0 | U81: =IF(S81+T81=2,5,0) -> 0 | V81: =IF(Q81=5,0,U81) -> 0 | X81: =IF(D81>F81,1,0) -> 0 | Y81: =IF(H81>J81,1,0) -> 1 | Z81: =IF(X81+Y81=2,5,0) -> 0 | AA81: =IF(H81="n",0,Z81) -> 0 | AB81: =IF(Q81=5,0,AA81) -> 0 | AD81: =IF(D81<F81,1,0) -> 0 | AE81: =IF(H81<J81,1,0) -> 0 | AF81: =IF(AD81+AE81=2,5,0) -> 0 | AG81: =IF(Q81=5,0,AF81) -> 0
E82: x | H82: n | I82: x | J82: d | K82: =O82+P82+U82+AA82+AF82 -> 0 | O82: =IF(D82=H82,2,0) -> 0 | P82: =IF(F82=J82,2,0) -> 0 | Q82: =IF(O82+P82=4,5,0) -> 0 | S82: =IF(D82=F82,1,0) -> 1 | T82: =IF(H82=J82,1,0) -> 0 | U82: =IF(S82+T82=2,5,0) -> 0 | V82: =IF(Q82=5,0,U82) -> 0 | X82: =IF(D82>F82,1,0) -> 0 | Y82: =IF(H82>J82,1,0) -> 1 | Z82: =IF(X82+Y82=2,5,0) -> 0 | AA82: =IF(H82="n",0,Z82) -> 0 | AB82: =IF(Q82=5,0,AA82) -> 0 | AD82: =IF(D82<F82,1,0) -> 0 | AE82: =IF(H82<J82,1,0) -> 0 | AF82: =IF(AD82+AE82=2,5,0) -> 0 | AG82: =IF(Q82=5,0,AF82) -> 0
E84: x | H84: n | I84: x | J84: d | K84: =O84+P84+U84+AA84+AF84 -> 0 | L84: I | O84: =IF(D84=H84,2,0) -> 0 | P84: =IF(F84=J84,2,0) -> 0 | Q84: =IF(O84+P84=4,5,0) -> 0 | S84: =IF(D84=F84,1,0) -> 1 | T84: =IF(H84=J84,1,0) -> 0 | U84: =IF(S84+T84=2,5,0) -> 0 | V84: =IF(Q84=5,0,U84) -> 0 | X84: =IF(D84>F84,1,0) -> 0 | Y84: =IF(H84>J84,1,0) -> 1 | Z84: =IF(X84+Y84=2,5,0) -> 0 | AA84: =IF(H84="n",0,Z84) -> 0 | AB84: =IF(Q84=5,0,AA84) -> 0 | AD84: =IF(D84<F84,1,0) -> 0 | AE84: =IF(H84<J84,1,0) -> 0 | AF84: =IF(AD84+AE84=2,5,0) -> 0 | AG84: =IF(Q84=5,0,AF84) -> 0
E85: x | H85: n | I85: x | J85: d | K85: =O85+P85+U85+AA85+AF85 -> 0 | O85: =IF(D85=H85,2,0) -> 0 | P85: =IF(F85=J85,2,0) -> 0 | Q85: =IF(O85+P85=4,5,0) -> 0 | S85: =IF(D85=F85,1,0) -> 1 | T85: =IF(H85=J85,1,0) -> 0 | U85: =IF(S85+T85=2,5,0) -> 0 | V85: =IF(Q85=5,0,U85) -> 0 | X85: =IF(D85>F85,1,0) -> 0 | Y85: =IF(H85>J85,1,0) -> 1 | Z85: =IF(X85+Y85=2,5,0) -> 0 | AA85: =IF(H85="n",0,Z85) -> 0 | AB85: =IF(Q85=5,0,AA85) -> 0 | AD85: =IF(D85<F85,1,0) -> 0 | AE85: =IF(H85<J85,1,0) -> 0 | AF85: =IF(AD85+AE85=2,5,0) -> 0 | AG85: =IF(Q85=5,0,AF85) -> 0
E86: x | H86: n | I86: x | J86: d | K86: =O86+P86+U86+AA86+AF86 -> 0 | O86: =IF(D86=H86,2,0) -> 0 | P86: =IF(F86=J86,2,0) -> 0 | Q86: =IF(O86+P86=4,5,0) -> 0 | S86: =IF(D86=F86,1,0) -> 1 | T86: =IF(H86=J86,1,0) -> 0 | U86: =IF(S86+T86=2,5,0) -> 0 | V86: =IF(Q86=5,0,U86) -> 0 | X86: =IF(D86>F86,1,0) -> 0 | Y86: =IF(H86>J86,1,0) -> 1 | Z86: =IF(X86+Y86=2,5,0) -> 0 | AA86: =IF(H86="n",0,Z86) -> 0 | AB86: =IF(Q86=5,0,AA86) -> 0 | AD86: =IF(D86<F86,1,0) -> 0 | AE86: =IF(H86<J86,1,0) -> 0 | AF86: =IF(AD86+AE86=2,5,0) -> 0 | AG86: =IF(Q86=5,0,AF86) -> 0
E87: x | H87: n | I87: x | J87: d | K87: =O87+P87+U87+AA87+AF87 -> 0 | O87: =IF(D87=H87,2,0) -> 0 | P87: =IF(F87=J87,2,0) -> 0 | Q87: =IF(O87+P87=4,5,0) -> 0 | S87: =IF(D87=F87,1,0) -> 1 | T87: =IF(H87=J87,1,0) -> 0 | U87: =IF(S87+T87=2,5,0) -> 0 | V87: =IF(Q87=5,0,U87) -> 0 | X87: =IF(D87>F87,1,0) -> 0 | Y87: =IF(H87>J87,1,0) -> 1 | Z87: =IF(X87+Y87=2,5,0) -> 0 | AA87: =IF(H87="n",0,Z87) -> 0 | AB87: =IF(Q87=5,0,AA87) -> 0 | AD87: =IF(D87<F87,1,0) -> 0 | AE87: =IF(H87<J87,1,0) -> 0 | AF87: =IF(AD87+AE87=2,5,0) -> 0 | AG87: =IF(Q87=5,0,AF87) -> 0
E88: x | H88: n | I88: x | J88: d | K88: =O88+P88+U88+AA88+AF88 -> 0 | O88: =IF(D88=H88,2,0) -> 0 | P88: =IF(F88=J88,2,0) -> 0 | Q88: =IF(O88+P88=4,5,0) -> 0 | S88: =IF(D88=F88,1,0) -> 1 | T88: =IF(H88=J88,1,0) -> 0 | U88: =IF(S88+T88=2,5,0) -> 0 | V88: =IF(Q88=5,0,U88) -> 0 | X88: =IF(D88>F88,1,0) -> 0 | Y88: =IF(H88>J88,1,0) -> 1 | Z88: =IF(X88+Y88=2,5,0) -> 0 | AA88: =IF(H88="n",0,Z88) -> 0 | AB88: =IF(Q88=5,0,AA88) -> 0 | AD88: =IF(D88<F88,1,0) -> 0 | AE88: =IF(H88<J88,1,0) -> 0 | AF88: =IF(AD88+AE88=2,5,0) -> 0 | AG88: =IF(Q88=5,0,AF88) -> 0
E89: x | H89: n | I89: x | J89: d | K89: =O89+P89+U89+AA89+AF89 -> 0 | O89: =IF(D89=H89,2,0) -> 0 | P89: =IF(F89=J89,2,0) -> 0 | Q89: =IF(O89+P89=4,5,0) -> 0 | S89: =IF(D89=F89,1,0) -> 1 | T89: =IF(H89=J89,1,0) -> 0 | U89: =IF(S89+T89=2,5,0) -> 0 | V89: =IF(Q89=5,0,U89) -> 0 | X89: =IF(D89>F89,1,0) -> 0 | Y89: =IF(H89>J89,1,0) -> 1 | Z89: =IF(X89+Y89=2,5,0) -> 0 | AA89: =IF(H89="n",0,Z89) -> 0 | AB89: =IF(Q89=5,0,AA89) -> 0 | AD89: =IF(D89<F89,1,0) -> 0 | AE89: =IF(H89<J89,1,0) -> 0 | AF89: =IF(AD89+AE89=2,5,0) -> 0 | AG89: =IF(Q89=5,0,AF89) -> 0
E91: x | H91: n | I91: x | J91: d | K91: =O91+P91+U91+AA91+AF91 -> 0 | L91: J | O91: =IF(D91=H91,2,0) -> 0 | P91: =IF(F91=J91,2,0) -> 0 | Q91: =IF(O91+P91=4,5,0) -> 0 | S91: =IF(D91=F91,1,0) -> 1 | T91: =IF(H91=J91,1,0) -> 0 | U91: =IF(S91+T91=2,5,0) -> 0 | V91: =IF(Q91=5,0,U91) -> 0 | X91: =IF(D91>F91,1,0) -> 0 | Y91: =IF(H91>J91,1,0) -> 1 | Z91: =IF(X91+Y91=2,5,0) -> 0 | AA91: =IF(H91="n",0,Z91) -> 0 | AB91: =IF(Q91=5,0,AA91) -> 0 | AD91: =IF(D91<F91,1,0) -> 0 | AE91: =IF(H91<J91,1,0) -> 0 | AF91: =IF(AD91+AE91=2,5,0) -> 0 | AG91: =IF(Q91=5,0,AF91) -> 0
E92: x | H92: n | I92: x | J92: d | K92: =O92+P92+U92+AA92+AF92 -> 0 | O92: =IF(D92=H92,2,0) -> 0 | P92: =IF(F92=J92,2,0) -> 0 | Q92: =IF(O92+P92=4,5,0) -> 0 | S92: =IF(D92=F92,1,0) -> 1 | T92: =IF(H92=J92,1,0) -> 0 | U92: =IF(S92+T92=2,5,0) -> 0 | V92: =IF(Q92=5,0,U92) -> 0 | X92: =IF(D92>F92,1,0) -> 0 | Y92: =IF(H92>J92,1,0) -> 1 | Z92: =IF(X92+Y92=2,5,0) -> 0 | AA92: =IF(H92="n",0,Z92) -> 0 | AB92: =IF(Q92=5,0,AA92) -> 0 | AD92: =IF(D92<F92,1,0) -> 0 | AE92: =IF(H92<J92,1,0) -> 0 | AF92: =IF(AD92+AE92=2,5,0) -> 0 | AG92: =IF(Q92=5,0,AF92) -> 0
E93: x | H93: n | I93: x | J93: d | K93: =O93+P93+U93+AA93+AF93 -> 0 | O93: =IF(D93=H93,2,0) -> 0 | P93: =IF(F93=J93,2,0) -> 0 | Q93: =IF(O93+P93=4,5,0) -> 0 | S93: =IF(D93=F93,1,0) -> 1 | T93: =IF(H93=J93,1,0) -> 0 | U93: =IF(S93+T93=2,5,0) -> 0 | V93: =IF(Q93=5,0,U93) -> 0 | X93: =IF(D93>F93,1,0) -> 0 | Y93: =IF(H93>J93,1,0) -> 1 | Z93: =IF(X93+Y93=2,5,0) -> 0 | AA93: =IF(H93="n",0,Z93) -> 0 | AB93: =IF(Q93=5,0,AA93) -> 0 | AD93: =IF(D93<F93,1,0) -> 0 | AE93: =IF(H93<J93,1,0) -> 0 | AF93: =IF(AD93+AE93=2,5,0) -> 0 | AG93: =IF(Q93=5,0,AF93) -> 0
E94: x | H94: n | I94: x | J94: d | K94: =O94+P94+U94+AA94+AF94 -> 0 | O94: =IF(D94=H94,2,0) -> 0 | P94: =IF(F94=J94,2,0) -> 0 | Q94: =IF(O94+P94=4,5,0) -> 0 | S94: =IF(D94=F94,1,0) -> 1 | T94: =IF(H94=J94,1,0) -> 0 | U94: =IF(S94+T94=2,5,0) -> 0 | V94: =IF(Q94=5,0,U94) -> 0 | X94: =IF(D94>F94,1,0) -> 0 | Y94: =IF(H94>J94,1,0) -> 1 | Z94: =IF(X94+Y94=2,5,0) -> 0 | AA94: =IF(H94="n",0,Z94) -> 0 | AB94: =IF(Q94=5,0,AA94) -> 0 | AD94: =IF(D94<F94,1,0) -> 0 | AE94: =IF(H94<J94,1,0) -> 0 | AF94: =IF(AD94+AE94=2,5,0) -> 0 | AG94: =IF(Q94=5,0,AF94) -> 0
E95: x | H95: n | I95: x | J95: d | K95: =O95+P95+U95+AA95+AF95 -> 0 | O95: =IF(D95=H95,2,0) -> 0 | P95: =IF(F95=J95,2,0) -> 0 | Q95: =IF(O95+P95=4,5,0) -> 0 | S95: =IF(D95=F95,1,0) -> 1 | T95: =IF(H95=J95,1,0) -> 0 | U95: =IF(S95+T95=2,5,0) -> 0 | V95: =IF(Q95=5,0,U95) -> 0 | X95: =IF(D95>F95,1,0) -> 0 | Y95: =IF(H95>J95,1,0) -> 1 | Z95: =IF(X95+Y95=2,5,0) -> 0 | AA95: =IF(H95="n",0,Z95) -> 0 | AB95: =IF(Q95=5,0,AA95) -> 0 | AD95: =IF(D95<F95,1,0) -> 0 | AE95: =IF(H95<J95,1,0) -> 0 | AF95: =IF(AD95+AE95=2,5,0) -> 0 | AG95: =IF(Q95=5,0,AF95) -> 0
E96: x | H96: n | I96: x | J96: d | K96: =O96+P96+U96+AA96+AF96 -> 0 | O96: =IF(D96=H96,2,0) -> 0 | P96: =IF(F96=J96,2,0) -> 0 | Q96: =IF(O96+P96=4,5,0) -> 0 | S96: =IF(D96=F96,1,0) -> 1 | T96: =IF(H96=J96,1,0) -> 0 | U96: =IF(S96+T96=2,5,0) -> 0 | V96: =IF(Q96=5,0,U96) -> 0 | X96: =IF(D96>F96,1,0) -> 0 | Y96: =IF(H96>J96,1,0) -> 1 | Z96: =IF(X96+Y96=2,5,0) -> 0 | AA96: =IF(H96="n",0,Z96) -> 0 | AB96: =IF(Q96=5,0,AA96) -> 0 | AD96: =IF(D96<F96,1,0) -> 0 | AE96: =IF(H96<J96,1,0) -> 0 | AF96: =IF(AD96+AE96=2,5,0) -> 0 | AG96: =IF(Q96=5,0,AF96) -> 0
O97: =IF(D97=H97,2,0) -> 2 | T97: =IF(H97=J97,1,0) -> 1 | Y97: =IF(H97>J97,1,0) -> 0 | AE97: =IF(H97<J97,1,0) -> 0
E98: x | H98: n | I98: x | J98: d | K98: =O98+P98+U98+AA98+AF98 -> 0 | L98: K | O98: =IF(D98=H98,2,0) -> 0 | P98: =IF(F98=J98,2,0) -> 0 | Q98: =IF(O98+P98=4,5,0) -> 0 | S98: =IF(D98=F98,1,0) -> 1 | T98: =IF(H98=J98,1,0) -> 0 | U98: =IF(S98+T98=2,5,0) -> 0 | V98: =IF(Q98=5,0,U98) -> 0 | X98: =IF(D98>F98,1,0) -> 0 | Y98: =IF(H98>J98,1,0) -> 1 | Z98: =IF(X98+Y98=2,5,0) -> 0 | AA98: =IF(H98="n",0,Z98) -> 0 | AB98: =IF(Q98=5,0,AA98) -> 0 | AD98: =IF(D98<F98,1,0) -> 0 | AE98: =IF(H98<J98,1,0) -> 0 | AF98: =IF(AD98+AE98=2,5,0) -> 0 | AG98: =IF(Q98=5,0,AF98) -> 0
E99: x | H99: n | I99: x | J99: d | K99: =O99+P99+U99+AA99+AF99 -> 0 | O99: =IF(D99=H99,2,0) -> 0 | P99: =IF(F99=J99,2,0) -> 0 | Q99: =IF(O99+P99=4,5,0) -> 0 | S99: =IF(D99=F99,1,0) -> 1 | T99: =IF(H99=J99,1,0) -> 0 | U99: =IF(S99+T99=2,5,0) -> 0 | V99: =IF(Q99=5,0,U99) -> 0 | X99: =IF(D99>F99,1,0) -> 0 | Y99: =IF(H99>J99,1,0) -> 1 | Z99: =IF(X99+Y99=2,5,0) -> 0 | AA99: =IF(H99="n",0,Z99) -> 0 | AB99: =IF(Q99=5,0,AA99) -> 0 | AD99: =IF(D99<F99,1,0) -> 0 | AE99: =IF(H99<J99,1,0) -> 0 | AF99: =IF(AD99+AE99=2,5,0) -> 0 | AG99: =IF(Q99=5,0,AF99) -> 0
E100: x | H100: n | I100: x | J100: d | K100: =O100+P100+U100+AA100+AF100 -> 0 | O100: =IF(D100=H100,2,0) -> 0 | P100: =IF(F100=J100,2,0) -> 0 | Q100: =IF(O100+P100=4,5,0) -> 0 | S100: =IF(D100=F100,1,0) -> 1 | T100: =IF(H100=J100,1,0) -> 0 | U100: =IF(S100+T100=2,5,0) -> 0 | V100: =IF(Q100=5,0,U100) -> 0 | X100: =IF(D100>F100,1,0) -> 0 | Y100: =IF(H100>J100,1,0) -> 1 | Z100: =IF(X100+Y100=2,5,0) -> 0 | AA100: =IF(H100="n",0,Z100) -> 0 | AB100: =IF(Q100=5,0,AA100) -> 0 | AD100: =IF(D100<F100,1,0) -> 0 | AE100: =IF(H100<J100,1,0) -> 0 | AF100: =IF(AD100+AE100=2,5,0) -> 0 | AG100: =IF(Q100=5,0,AF100) -> 0
E101: x | H101: n | I101: x | J101: d | K101: =O101+P101+U101+AA101+AF101 -> 0 | O101: =IF(D101=H101,2,0) -> 0 | P101: =IF(F101=J101,2,0) -> 0 | Q101: =IF(O101+P101=4,5,0) -> 0 | S101: =IF(D101=F101,1,0) -> 1 | T101: =IF(H101=J101,1,0) -> 0 | U101: =IF(S101+T101=2,5,0) -> 0 | V101: =IF(Q101=5,0,U101) -> 0 | X101: =IF(D101>F101,1,0) -> 0 | Y101: =IF(H101>J101,1,0) -> 1 | Z101: =IF(X101+Y101=2,5,0) -> 0 | AA101: =IF(H101="n",0,Z101) -> 0 | AB101: =IF(Q101=5,0,AA101) -> 0 | AD101: =IF(D101<F101,1,0) -> 0 | AE101: =IF(H101<J101,1,0) -> 0 | AF101: =IF(AD101+AE101=2,5,0) -> 0 | AG101: =IF(Q101=5,0,AF101) -> 0
E102: x | H102: n | I102: x | J102: d | K102: =O102+P102+U102+AA102+AF102 -> 0 | O102: =IF(D102=H102,2,0) -> 0 | P102: =IF(F102=J102,2,0) -> 0 | Q102: =IF(O102+P102=4,5,0) -> 0 | S102: =IF(D102=F102,1,0) -> 1 | T102: =IF(H102=J102,1,0) -> 0 | U102: =IF(S102+T102=2,5,0) -> 0 | V102: =IF(Q102=5,0,U102) -> 0 | X102: =IF(D102>F102,1,0) -> 0 | Y102: =IF(H102>J102,1,0) -> 1 | Z102: =IF(X102+Y102=2,5,0) -> 0 | AA102: =IF(H102="n",0,Z102) -> 0 | AB102: =IF(Q102=5,0,AA102) -> 0 | AD102: =IF(D102<F102,1,0) -> 0 | AE102: =IF(H102<J102,1,0) -> 0 | AF102: =IF(AD102+AE102=2,5,0) -> 0 | AG102: =IF(Q102=5,0,AF102) -> 0
E103: x | H103: n | I103: x | J103: d | K103: =O103+P103+U103+AA103+AF103 -> 0 | O103: =IF(D103=H103,2,0) -> 0 | P103: =IF(F103=J103,2,0) -> 0 | Q103: =IF(O103+P103=4,5,0) -> 0 | S103: =IF(D103=F103,1,0) -> 1 | T103: =IF(H103=J103,1,0) -> 0 | U103: =IF(S103+T103=2,5,0) -> 0 | V103: =IF(Q103=5,0,U103) -> 0 | X103: =IF(D103>F103,1,0) -> 0 | Y103: =IF(H103>J103,1,0) -> 1 | Z103: =IF(X103+Y103=2,5,0) -> 0 | AA103: =IF(H103="n",0,Z103) -> 0 | AB103: =IF(Q103=5,0,AA103) -> 0 | AD103: =IF(D103<F103,1,0) -> 0 | AE103: =IF(H103<J103,1,0) -> 0 | AF103: =IF(AD103+AE103=2,5,0) -> 0 | AG103: =IF(Q103=5,0,AF103) -> 0
P104: =IF(F104=J104,2,0) -> 2 | T104: =IF(H104=J104,1,0) -> 1 | Y104: =IF(H104>J104,1,0) -> 0 | AE104: =IF(H104<J104,1,0) -> 0
E105: x | H105: n | I105: x | J105: d | K105: =O105+P105+U105+AA105+AF105 -> 0 | L105: L | O105: =IF(D105=H105,2,0) -> 0 | P105: =IF(F105=J105,2,0) -> 0 | Q105: =IF(O105+P105=4,5,0) -> 0 | S105: =IF(D105=F105,1,0) -> 1 | T105: =IF(H105=J105,1,0) -> 0 | U105: =IF(S105+T105=2,5,0) -> 0 | V105: =IF(Q105=5,0,U105) -> 0 | X105: =IF(D105>F105,1,0) -> 0 | Y105: =IF(H105>J105,1,0) -> 1 | Z105: =IF(X105+Y105=2,5,0) -> 0 | AA105: =IF(H105="n",0,Z105) -> 0 | AB105: =IF(Q105=5,0,AA105) -> 0 | AD105: =IF(D105<F105,1,0) -> 0 | AE105: =IF(H105<J105,1,0) -> 0 | AF105: =IF(AD105+AE105=2,5,0) -> 0 | AG105: =IF(Q105=5,0,AF105) -> 0
E106: x | H106: n | I106: x | J106: d | K106: =O106+P106+U106+AA106+AF106 -> 0 | O106: =IF(D106=H106,2,0) -> 0 | P106: =IF(F106=J106,2,0) -> 0 | Q106: =IF(O106+P106=4,5,0) -> 0 | S106: =IF(D106=F106,1,0) -> 1 | T106: =IF(H106=J106,1,0) -> 0 | U106: =IF(S106+T106=2,5,0) -> 0 | V106: =IF(Q106=5,0,U106) -> 0 | X106: =IF(D106>F106,1,0) -> 0 | Y106: =IF(H106>J106,1,0) -> 1 | Z106: =IF(X106+Y106=2,5,0) -> 0 | AA106: =IF(H106="n",0,Z106) -> 0 | AB106: =IF(Q106=5,0,AA106) -> 0 | AD106: =IF(D106<F106,1,0) -> 0 | AE106: =IF(H106<J106,1,0) -> 0 | AF106: =IF(AD106+AE106=2,5,0) -> 0 | AG106: =IF(Q106=5,0,AF106) -> 0
E107: x | H107: n | I107: x | J107: d | K107: =O107+P107+U107+AA107+AF107 -> 0 | O107: =IF(D107=H107,2,0) -> 0 | P107: =IF(F107=J107,2,0) -> 0 | Q107: =IF(O107+P107=4,5,0) -> 0 | S107: =IF(D107=F107,1,0) -> 1 | T107: =IF(H107=J107,1,0) -> 0 | U107: =IF(S107+T107=2,5,0) -> 0 | V107: =IF(Q107=5,0,U107) -> 0 | X107: =IF(D107>F107,1,0) -> 0 | Y107: =IF(H107>J107,1,0) -> 1 | Z107: =IF(X107+Y107=2,5,0) -> 0 | AA107: =IF(H107="n",0,Z107) -> 0 | AB107: =IF(Q107=5,0,AA107) -> 0 | AD107: =IF(D107<F107,1,0) -> 0 | AE107: =IF(H107<J107,1,0) -> 0 | AF107: =IF(AD107+AE107=2,5,0) -> 0 | AG107: =IF(Q107=5,0,AF107) -> 0
E108: x | H108: n | I108: x | J108: d | K108: =O108+P108+U108+AA108+AF108 -> 0 | O108: =IF(D108=H108,2,0) -> 0 | P108: =IF(F108=J108,2,0) -> 0 | Q108: =IF(O108+P108=4,5,0) -> 0 | S108: =IF(D108=F108,1,0) -> 1 | T108: =IF(H108=J108,1,0) -> 0 | U108: =IF(S108+T108=2,5,0) -> 0 | V108: =IF(Q108=5,0,U108) -> 0 | X108: =IF(D108>F108,1,0) -> 0 | Y108: =IF(H108>J108,1,0) -> 1 | Z108: =IF(X108+Y108=2,5,0) -> 0 | AA108: =IF(H108="n",0,Z108) -> 0 | AB108: =IF(Q108=5,0,AA108) -> 0 | AD108: =IF(D108<F108,1,0) -> 0 | AE108: =IF(H108<J108,1,0) -> 0 | AF108: =IF(AD108+AE108=2,5,0) -> 0 | AG108: =IF(Q108=5,0,AF108) -> 0
E109: x | H109: n | I109: x | J109: d | K109: =O109+P109+U109+AA109+AF109 -> 0 | O109: =IF(D109=H109,2,0) -> 0 | P109: =IF(F109=J109,2,0) -> 0 | Q109: =IF(O109+P109=4,5,0) -> 0 | S109: =IF(D109=F109,1,0) -> 1 | T109: =IF(H109=J109,1,0) -> 0 | U109: =IF(S109+T109=2,5,0) -> 0 | V109: =IF(Q109=5,0,U109) -> 0 | X109: =IF(D109>F109,1,0) -> 0 | Y109: =IF(H109>J109,1,0) -> 1 | Z109: =IF(X109+Y109=2,5,0) -> 0 | AA109: =IF(H109="n",0,Z109) -> 0 | AB109: =IF(Q109=5,0,AA109) -> 0 | AD109: =IF(D109<F109,1,0) -> 0 | AE109: =IF(H109<J109,1,0) -> 0 | AF109: =IF(AD109+AE109=2,5,0) -> 0 | AG109: =IF(Q109=5,0,AF109) -> 0
E110: x | H110: n | I110: x | J110: d | K110: =O110+P110+U110+AA110+AF110 -> 0 | O110: =IF(D110=H110,2,0) -> 0 | P110: =IF(F110=J110,2,0) -> 0 | Q110: =IF(O110+P110=4,5,0) -> 0 | S110: =IF(D110=F110,1,0) -> 1 | T110: =IF(H110=J110,1,0) -> 0 | U110: =IF(S110+T110=2,5,0) -> 0 | V110: =IF(Q110=5,0,U110) -> 0 | X110: =IF(D110>F110,1,0) -> 0 | Y110: =IF(H110>J110,1,0) -> 1 | Z110: =IF(X110+Y110=2,5,0) -> 0 | AA110: =IF(H110="n",0,Z110) -> 0 | AB110: =IF(Q110=5,0,AA110) -> 0 | AD110: =IF(D110<F110,1,0) -> 0 | AE110: =IF(H110<J110,1,0) -> 0 | AF110: =IF(AD110+AE110=2,5,0) -> 0 | AG110: =IF(Q110=5,0,AF110) -> 0
K111: =SUM(K4:K110) -> 11

Sheet T (3)
A1: Nome | C1: Ana Beatriz | S1: empate | X1: vitoria A | AD1: Vitiria B
O2: ok | P2: ok
D3: PARTICIPANTE | H3: OFICIAL | K3: PONTOS
A4: =TABELA!A4 -> 46201 | B4: =TABELA!B4 -> 0.66666667 | C4: =TABELA!C4 -> Africa do Sul | D4: 1 | E4: x | F4: 2 | G4: =TABELA!G4 -> Canadá | H4: =TABELA!D4 -> 0 | I4: x | J4: =TABELA!F4 -> 1 | K4: =O4+P4+U4+AA4+AF4 -> 5 | L4: a | O4: =IF(D4=H4,2,0) -> 0 | P4: =IF(F4=J4,2,0) -> 0 | Q4: =IF(O4+P4=4,5,0) -> 0 | S4: =IF(D4=F4,1,0) -> 0 | T4: =IF(H4=J4,1,0) -> 0 | U4: =IF(S4+T4=2,5,0) -> 0 | V4: =IF(Q4=5,0,U4) -> 0 | X4: =IF(D4>F4,1,0) -> 0 | Y4: =IF(H4>J4,1,0) -> 0 | Z4: =IF(X4+Y4=2,5,0) -> 0 | AA4: =IF(H4="n",0,Z4) -> 0 | AB4: =IF(Q4=5,0,AA4) -> 0 | AD4: =IF(D4<F4,1,0) -> 1 | AE4: =IF(H4<J4,1,0) -> 1 | AF4: =IF(AD4+AE4=2,5,0) -> 5 | AG4: =IF(Q4=5,0,AF4) -> 5
A5: =TABELA!A5 -> 46202 | B5: =TABELA!B5 -> 0.58333333 | C5: =TABELA!C5 -> Brasil | D5: 2 | E5: x | F5: 1 | G5: =TABELA!G5 -> Japão | H5: =TABELA!D5 -> 2 | I5: x | J5: =TABELA!F5 -> 1 | K5: =O5+P5+U5+AA5+AF5 -> 9 | O5: =IF(D5=H5,2,0) -> 2 | P5: =IF(F5=J5,2,0) -> 2 | Q5: =IF(O5+P5=4,5,0) -> 5 | S5: =IF(D5=F5,1,0) -> 0 | T5: =IF(H5=J5,1,0) -> 0 | U5: =IF(S5+T5=2,5,0) -> 0 | V5: =IF(Q5=5,0,U5) -> 0 | X5: =IF(D5>F5,1,0) -> 1 | Y5: =IF(H5>J5,1,0) -> 1 | Z5: =IF(X5+Y5=2,5,0) -> 5 | AA5: =IF(H5="n",0,Z5) -> 5 | AB5: =IF(Q5=5,0,AA5) -> 0 | AD5: =IF(D5<F5,1,0) -> 0 | AE5: =IF(H5<J5,1,0) -> 0 | AF5: =IF(AD5+AE5=2,5,0) -> 0 | AG5: =IF(Q5=5,0,AF5) -> 0
A6: =TABELA!A6 -> 46202 | B6: =TABELA!B6 -> 0.72916667 | C6: =TABELA!C6 -> Alemanha | D6: 2 | E6: x | F6: 0 | G6: =TABELA!G6 -> Paraguai | H6: =TABELA!D6 -> 1 | I6: x | J6: =TABELA!F6 -> 1 | K6: =O6+P6+U6+AA6+AF6 -> 0 | O6: =IF(D6=H6,2,0) -> 0 | P6: =IF(F6=J6,2,0) -> 0 | Q6: =IF(O6+P6=4,5,0) -> 0 | S6: =IF(D6=F6,1,0) -> 0 | T6: =IF(H6=J6,1,0) -> 1 | U6: =IF(S6+T6=2,5,0) -> 0 | V6: =IF(Q6=5,0,U6) -> 0 | X6: =IF(D6>F6,1,0) -> 1 | Y6: =IF(H6>J6,1,0) -> 0 | Z6: =IF(X6+Y6=2,5,0) -> 0 | AA6: =IF(H6="n",0,Z6) -> 0 | AB6: =IF(Q6=5,0,AA6) -> 0 | AD6: =IF(D6<F6,1,0) -> 0 | AE6: =IF(H6<J6,1,0) -> 0 | AF6: =IF(AD6+AE6=2,5,0) -> 0 | AG6: =IF(Q6=5,0,AF6) -> 0
A7: =TABELA!A7 -> 46202 | B7: =TABELA!B7 -> 0.91666667 | C7: =TABELA!C7 -> Holanda | D7: 1 | E7: x | F7: 1 | G7: =TABELA!G7 -> Marrocos | H7: =TABELA!D7 -> 1 | I7: x | J7: =TABELA!F7 -> 1 | K7: =O7+P7+U7+AA7+AF7 -> 9 | O7: =IF(D7=H7,2,0) -> 2 | P7: =IF(F7=J7,2,0) -> 2 | Q7: =IF(O7+P7=4,5,0) -> 5 | S7: =IF(D7=F7,1,0) -> 1 | T7: =IF(H7=J7,1,0) -> 1 | U7: =IF(S7+T7=2,5,0) -> 5 | V7: =IF(Q7=5,0,U7) -> 0 | X7: =IF(D7>F7,1,0) -> 0 | Y7: =IF(H7>J7,1,0) -> 0 | Z7: =IF(X7+Y7=2,5,0) -> 0 | AA7: =IF(H7="n",0,Z7) -> 0 | AB7: =IF(Q7=5,0,AA7) -> 0 | AD7: =IF(D7<F7,1,0) -> 0 | AE7: =IF(H7<J7,1,0) -> 0 | AF7: =IF(AD7+AE7=2,5,0) -> 0 | AG7: =IF(Q7=5,0,AF7) -> 0
A8: =TABELA!A8 -> 46203 | B8: =TABELA!B8 -> 0.58333333 | C8: =TABELA!C8 -> Cost. do Marf. | D8: 1 | E8: x | F8: 2 | G8: =TABELA!G8 -> Noruega | H8: =TABELA!D8 -> n | I8: x | J8: =TABELA!F8 -> d | K8: =O8+P8+U8+AA8+AF8 -> 0 | O8: =IF(D8=H8,2,0) -> 0 | P8: =IF(F8=J8,2,0) -> 0 | Q8: =IF(O8+P8=4,5,0) -> 0 | S8: =IF(D8=F8,1,0) -> 0 | T8: =IF(H8=J8,1,0) -> 0 | U8: =IF(S8+T8=2,5,0) -> 0 | V8: =IF(Q8=5,0,U8) -> 0 | X8: =IF(D8>F8,1,0) -> 0 | Y8: =IF(H8>J8,1,0) -> 1 | Z8: =IF(X8+Y8=2,5,0) -> 0 | AA8: =IF(H8="n",0,Z8) -> 0 | AB8: =IF(Q8=5,0,AA8) -> 0 | AD8: =IF(D8<F8,1,0) -> 1 | AE8: =IF(H8<J8,1,0) -> 0 | AF8: =IF(AD8+AE8=2,5,0) -> 0 | AG8: =IF(Q8=5,0,AF8) -> 0
A9: =TABELA!A9 -> 46203 | B9: =TABELA!B9 -> 0.75 | C9: =TABELA!C9 -> França | D9: 3 | E9: x | F9: 1 | G9: =TABELA!G9 -> Suécia | H9: =TABELA!D9 -> n | I9: x | J9: =TABELA!F9 -> d | K9: =O9+P9+U9+AA9+AF9 -> 0 | O9: =IF(D9=H9,2,0) -> 0 | P9: =IF(F9=J9,2,0) -> 0 | Q9: =IF(O9+P9=4,5,0) -> 0 | S9: =IF(D9=F9,1,0) -> 0 | T9: =IF(H9=J9,1,0) -> 0 | U9: =IF(S9+T9=2,5,0) -> 0 | V9: =IF(Q9=5,0,U9) -> 0 | X9: =IF(D9>F9,1,0) -> 1 | Y9: =IF(H9>J9,1,0) -> 1 | Z9: =IF(X9+Y9=2,5,0) -> 5 | AA9: =IF(H9="n",0,Z9) -> 0 | AB9: =IF(Q9=5,0,AA9) -> 0 | AD9: =IF(D9<F9,1,0) -> 0 | AE9: =IF(H9<J9,1,0) -> 0 | AF9: =IF(AD9+AE9=2,5,0) -> 0 | AG9: =IF(Q9=5,0,AF9) -> 0
A11: =TABELA!A11 -> 46203 | B11: =TABELA!B11 -> 0.91666667 | C11: =TABELA!C11 -> México | D11: 1 | E11: x | F11: 0 | G11: =TABELA!G11 -> Equador | H11: =TABELA!D11 -> n | I11: x | J11: =TABELA!F11 -> d | K11: =O11+P11+U11+AA11+AF11 -> 0 | L11: B | O11: =IF(D11=H11,2,0) -> 0 | P11: =IF(F11=J11,2,0) -> 0 | Q11: =IF(O11+P11=4,5,0) -> 0 | S11: =IF(D11=F11,1,0) -> 0 | T11: =IF(H11=J11,1,0) -> 0 | U11: =IF(S11+T11=2,5,0) -> 0 | V11: =IF(Q11=5,0,U11) -> 0 | X11: =IF(D11>F11,1,0) -> 1 | Y11: =IF(H11>J11,1,0) -> 1 | Z11: =IF(X11+Y11=2,5,0) -> 5 | AA11: =IF(H11="n",0,Z11) -> 0 | AB11: =IF(Q11=5,0,AA11) -> 0 | AD11: =IF(D11<F11,1,0) -> 0 | AE11: =IF(H11<J11,1,0) -> 0 | AF11: =IF(AD11+AE11=2,5,0) -> 0 | AG11: =IF(Q11=5,0,AF11) -> 0
A12: =TABELA!A12 -> 46204 | B12: =TABELA!B12 -> 0.54166667 | C12: =TABELA!C12 -> Inglaterra | D12: 2 | E12: x | F12: 0 | G12: =TABELA!G12 -> Congo | H12: =TABELA!D12 -> n | I12: x | J12: =TABELA!F12 -> d | K12: =O12+P12+U12+AA12+AF12 -> 0 | O12: =IF(D12=H12,2,0) -> 0 | P12: =IF(F12=J12,2,0) -> 0 | Q12: =IF(O12+P12=4,5,0) -> 0 | S12: =IF(D12=F12,1,0) -> 0 | T12: =IF(H12=J12,1,0) -> 0 | U12: =IF(S12+T12=2,5,0) -> 0 | V12: =IF(Q12=5,0,U12) -> 0 | X12: =IF(D12>F12,1,0) -> 1 | Y12: =IF(H12>J12,1,0) -> 1 | Z12: =IF(X12+Y12=2,5,0) -> 5 | AA12: =IF(H12="n",0,Z12) -> 0 | AB12: =IF(Q12=5,0,AA12) -> 0 | AD12: =IF(D12<F12,1,0) -> 0 | AE12: =IF(H12<J12,1,0) -> 0 | AF12: =IF(AD12+AE12=2,5,0) -> 0 | AG12: =IF(Q12=5,0,AF12) -> 0
A13: =TABELA!A13 -> 46204 | B13: =TABELA!B13 -> 0.70833333 | C13: =TABELA!C13 -> Bélgica | D13: 2 | E13: x | F13: 1 | G13: =TABELA!G13 -> Senegal | H13: =TABELA!D13 -> n | I13: x | J13: =TABELA!F13 -> d | K13: =O13+P13+U13+AA13+AF13 -> 0 | O13: =IF(D13=H13,2,0) -> 0 | P13: =IF(F13=J13,2,0) -> 0 | Q13: =IF(O13+P13=4,5,0) -> 0 | S13: =IF(D13=F13,1,0) -> 0 | T13: =IF(H13=J13,1,0) -> 0 | U13: =IF(S13+T13=2,5,0) -> 0 | V13: =IF(Q13=5,0,U13) -> 0 | X13: =IF(D13>F13,1,0) -> 1 | Y13: =IF(H13>J13,1,0) -> 1 | Z13: =IF(X13+Y13=2,5,0) -> 5 | AA13: =IF(H13="n",0,Z13) -> 0 | AB13: =IF(Q13=5,0,AA13) -> 0 | AD13: =IF(D13<F13,1,0) -> 0 | AE13: =IF(H13<J13,1,0) -> 0 | AF13: =IF(AD13+AE13=2,5,0) -> 0 | AG13: =IF(Q13=5,0,AF13) -> 0
A14: =TABELA!A14 -> 46204 | B14: =TABELA!B14 -> 0.875 | C14: =TABELA!C14 -> Estados Unidos | D14: 2 | E14: x | F14: 0 | G14: =TABELA!G14 -> Bósnia | H14: =TABELA!D14 -> n | I14: x | J14: =TABELA!F14 -> d | K14: =O14+P14+U14+AA14+AF14 -> 0 | O14: =IF(D14=H14,2,0) -> 0 | P14: =IF(F14=J14,2,0) -> 0 | Q14: =IF(O14+P14=4,5,0) -> 0 | S14: =IF(D14=F14,1,0) -> 0 | T14: =IF(H14=J14,1,0) -> 0 | U14: =IF(S14+T14=2,5,0) -> 0 | V14: =IF(Q14=5,0,U14) -> 0 | X14: =IF(D14>F14,1,0) -> 1 | Y14: =IF(H14>J14,1,0) -> 1 | Z14: =IF(X14+Y14=2,5,0) -> 5 | AA14: =IF(H14="n",0,Z14) -> 0 | AB14: =IF(Q14=5,0,AA14) -> 0 | AD14: =IF(D14<F14,1,0) -> 0 | AE14: =IF(H14<J14,1,0) -> 0 | AF14: =IF(AD14+AE14=2,5,0) -> 0 | AG14: =IF(Q14=5,0,AF14) -> 0
A15: =TABELA!A15 -> 46205 | B15: =TABELA!B15 -> 0.66666667 | C15: Espanha | D15: 2 | E15: x | F15: 1 | G15: =TABELA!G15 -> Áustria | H15: =TABELA!D15 -> n | I15: x | J15: =TABELA!F15 -> d | K15: =O15+P15+U15+AA15+AF15 -> 0 | O15: =IF(D15=H15,2,0) -> 0 | P15: =IF(F15=J15,2,0) -> 0 | Q15: =IF(O15+P15=4,5,0) -> 0 | S15: =IF(D15=F15,1,0) -> 0 | T15: =IF(H15=J15,1,0) -> 0 | U15: =IF(S15+T15=2,5,0) -> 0 | V15: =IF(Q15=5,0,U15) -> 0 | X15: =IF(D15>F15,1,0) -> 1 | Y15: =IF(H15>J15,1,0) -> 1 | Z15: =IF(X15+Y15=2,5,0) -> 5 | AA15: =IF(H15="n",0,Z15) -> 0 | AB15: =IF(Q15=5,0,AA15) -> 0 | AD15: =IF(D15<F15,1,0) -> 0 | AE15: =IF(H15<J15,1,0) -> 0 | AF15: =IF(AD15+AE15=2,5,0) -> 0 | AG15: =IF(Q15=5,0,AF15) -> 0
A16: =TABELA!A16 -> 46205 | B16: =TABELA!B16 -> 0.83333333 | C16: =TABELA!C16 -> Portugal | D16: 1 | E16: x | F16: 1 | G16: =TABELA!G16 -> Croácia | H16: =TABELA!D16 -> n | I16: x | J16: =TABELA!F16 -> d | K16: =O16+P16+U16+AA16+AF16 -> 0 | O16: =IF(D16=H16,2,0) -> 0 | P16: =IF(F16=J16,2,0) -> 0 | Q16: =IF(O16+P16=4,5,0) -> 0 | S16: =IF(D16=F16,1,0) -> 1 | T16: =IF(H16=J16,1,0) -> 0 | U16: =IF(S16+T16=2,5,0) -> 0 | V16: =IF(Q16=5,0,U16) -> 0 | X16: =IF(D16>F16,1,0) -> 0 | Y16: =IF(H16>J16,1,0) -> 1 | Z16: =IF(X16+Y16=2,5,0) -> 0 | AA16: =IF(H16="n",0,Z16) -> 0 | AB16: =IF(Q16=5,0,AA16) -> 0 | AD16: =IF(D16<F16,1,0) -> 0 | AE16: =IF(H16<J16,1,0) -> 0 | AF16: =IF(AD16+AE16=2,5,0) -> 0 | AG16: =IF(Q16=5,0,AF16) -> 0
A18: =TABELA!A18 -> 46206 | B18: =TABELA!B18 -> 0 | C18: =TABELA!C18 -> Suíça | D18: 1 | E18: x | F18: 0 | G18: =TABELA!G18 -> Argélia | H18: =TABELA!D18 -> n | I18: x | J18: =TABELA!F18 -> d | K18: =O18+P18+U18+AA18+AF18 -> 0 | L18: C | O18: =IF(D18=H18,2,0) -> 0 | P18: =IF(F18=J18,2,0) -> 0 | Q18: =IF(O18+P18=4,5,0) -> 0 | S18: =IF(D18=F18,1,0) -> 0 | T18: =IF(H18=J18,1,0) -> 0 | U18: =IF(S18+T18=2,5,0) -> 0 | V18: =IF(Q18=5,0,U18) -> 0 | X18: =IF(D18>F18,1,0) -> 1 | Y18: =IF(H18>J18,1,0) -> 1 | Z18: =IF(X18+Y18=2,5,0) -> 5 | AA18: =IF(H18="n",0,Z18) -> 0 | AB18: =IF(Q18=5,0,AA18) -> 0 | AD18: =IF(D18<F18,1,0) -> 0 | AE18: =IF(H18<J18,1,0) -> 0 | AF18: =IF(AD18+AE18=2,5,0) -> 0 | AG18: =IF(Q18=5,0,AF18) -> 0
A20: =TABELA!A20 -> 46206 | B20: =TABELA!B20 -> 0.625 | C20: =TABELA!C20 -> Austrália | D20: 0 | E20: x | F20: 1 | G20: =TABELA!G20 -> Egito | H20: =TABELA!D20 -> n | I20: x | J20: =TABELA!F20 -> d | K20: =O20+P20+U20+AA20+AF20 -> 0 | O20: =IF(D20=H20,2,0) -> 0 | P20: =IF(F20=J20,2,0) -> 0 | Q20: =IF(O20+P20=4,5,0) -> 0 | S20: =IF(D20=F20,1,0) -> 0 | T20: =IF(H20=J20,1,0) -> 0 | U20: =IF(S20+T20=2,5,0) -> 0 | V20: =IF(Q20=5,0,U20) -> 0 | X20: =IF(D20>F20,1,0) -> 0 | Y20: =IF(H20>J20,1,0) -> 1 | Z20: =IF(X20+Y20=2,5,0) -> 0 | AA20: =IF(H20="n",0,Z20) -> 0 | AB20: =IF(Q20=5,0,AA20) -> 0 | AD20: =IF(D20<F20,1,0) -> 1 | AE20: =IF(H20<J20,1,0) -> 0 | AF20: =IF(AD20+AE20=2,5,0) -> 0 | AG20: =IF(Q20=5,0,AF20) -> 0
A22: =TABELA!A22 -> 46206 | B22: =TABELA!B22 -> 0.79166667 | C22: =TABELA!C22 -> Argentina | D22: 3 | E22: x | F22: 0 | G22: =TABELA!G22 -> Cabo Verde | H22: =TABELA!D22 -> n | I22: x | J22: =TABELA!F22 -> d | K22: =O22+P22+U22+AA22+AF22 -> 0 | O22: =IF(D22=H22,2,0) -> 0 | P22: =IF(F22=J22,2,0) -> 0 | Q22: =IF(O22+P22=4,5,0) -> 0 | S22: =IF(D22=F22,1,0) -> 0 | T22: =IF(H22=J22,1,0) -> 0 | U22: =IF(S22+T22=2,5,0) -> 0 | V22: =IF(Q22=5,0,U22) -> 0 | X22: =IF(D22>F22,1,0) -> 1 | Y22: =IF(H22>J22,1,0) -> 1 | Z22: =IF(X22+Y22=2,5,0) -> 5 | AA22: =IF(H22="n",0,Z22) -> 0 | AB22: =IF(Q22=5,0,AA22) -> 0 | AD22: =IF(D22<F22,1,0) -> 0 | AE22: =IF(H22<J22,1,0) -> 0 | AF22: =IF(AD22+AE22=2,5,0) -> 0 | AG22: =IF(Q22=5,0,AF22) -> 0
A24: =TABELA!A24 -> 46206 | B24: =TABELA!B24 -> 0.9375 | C24: Colômbia | D24: 2 | E24: x | F24: 1 | G24: Gana | H24: =TABELA!D24 -> n | I24: x | J24: =TABELA!F24 -> d | K24: =O24+P24+U24+AA24+AF24 -> 0 | O24: =IF(D24=H24,2,0) -> 0 | P24: =IF(F24=J24,2,0) -> 0 | Q24: =IF(O24+P24=4,5,0) -> 0 | S24: =IF(D24=F24,1,0) -> 0 | T24: =IF(H24=J24,1,0) -> 0 | U24: =IF(S24+T24=2,5,0) -> 0 | V24: =IF(Q24=5,0,U24) -> 0 | X24: =IF(D24>F24,1,0) -> 1 | Y24: =IF(H24>J24,1,0) -> 1 | Z24: =IF(X24+Y24=2,5,0) -> 5 | AA24: =IF(H24="n",0,Z24) -> 0 | AB24: =IF(Q24=5,0,AA24) -> 0 | AD24: =IF(D24<F24,1,0) -> 0 | AE24: =IF(H24<J24,1,0) -> 0 | AF24: =IF(AD24+AE24=2,5,0) -> 0 | AG24: =IF(Q24=5,0,AF24) -> 0
A26: 46207 | B26: 0.58333333 | E26: x | H26: n | I26: x | J26: d | K26: =O26+P26+U26+AA26+AF26 -> 0 | O26: =IF(D26=H26,2,0) -> 0 | P26: =IF(F26=J26,2,0) -> 0 | Q26: =IF(O26+P26=4,5,0) -> 0 | S26: =IF(D26=F26,1,0) -> 1 | T26: =IF(H26=J26,1,0) -> 0 | U26: =IF(S26+T26=2,5,0) -> 0 | V26: =IF(Q26=5,0,U26) -> 0 | X26: =IF(D26>F26,1,0) -> 0 | Y26: =IF(H26>J26,1,0) -> 1 | Z26: =IF(X26+Y26=2,5,0) -> 0 | AA26: =IF(H26="n",0,Z26) -> 0 | AB26: =IF(Q26=5,0,AA26) -> 0 | AD26: =IF(D26<F26,1,0) -> 0 | AE26: =IF(H26<J26,1,0) -> 0 | AF26: =IF(AD26+AE26=2,5,0) -> 0 | AG26: =IF(Q26=5,0,AF26) -> 0
A28: 46207 | B28: 0.75 | E28: x | H28: n | I28: x | J28: d | K28: =O28+P28+U28+AA28+AF28 -> 0 | O28: =IF(D28=H28,2,0) -> 0 | P28: =IF(F28=J28,2,0) -> 0 | Q28: =IF(O28+P28=4,5,0) -> 0 | S28: =IF(D28=F28,1,0) -> 1 | T28: =IF(H28=J28,1,0) -> 0 | U28: =IF(S28+T28=2,5,0) -> 0 | V28: =IF(Q28=5,0,U28) -> 0 | X28: =IF(D28>F28,1,0) -> 0 | Y28: =IF(H28>J28,1,0) -> 1 | Z28: =IF(X28+Y28=2,5,0) -> 0 | AA28: =IF(H28="n",0,Z28) -> 0 | AB28: =IF(Q28=5,0,AA28) -> 0 | AD28: =IF(D28<F28,1,0) -> 0 | AE28: =IF(H28<J28,1,0) -> 0 | AF28: =IF(AD28+AE28=2,5,0) -> 0 | AG28: =IF(Q28=5,0,AF28) -> 0
A31: 46208 | B31: 0.70833333 | E31: x | H31: n | I31: x | J31: d | K31: =O31+P31+U31+AA31+AF31 -> 0 | L31: D | O31: =IF(D31=H31,2,0) -> 0 | P31: =IF(F31=J31,2,0) -> 0 | Q31: =IF(O31+P31=4,5,0) -> 0 | S31: =IF(D31=F31,1,0) -> 1 | T31: =IF(H31=J31,1,0) -> 0 | U31: =IF(S31+T31=2,5,0) -> 0 | V31: =IF(Q31=5,0,U31) -> 0 | X31: =IF(D31>F31,1,0) -> 0 | Y31: =IF(H31>J31,1,0) -> 1 | Z31: =IF(X31+Y31=2,5,0) -> 0 | AA31: =IF(H31="n",0,Z31) -> 0 | AB31: =IF(Q31=5,0,AA31) -> 0 | AD31: =IF(D31<F31,1,0) -> 0 | AE31: =IF(H31<J31,1,0) -> 0 | AF31: =IF(AD31+AE31=2,5,0) -> 0 | AG31: =IF(Q31=5,0,AF31) -> 0
A33: 46208 | B33: 0.875 | E33: x | H33: n | I33: x | J33: d | K33: =O33+P33+U33+AA33+AF33 -> 0 | O33: =IF(D33=H33,2,0) -> 0 | P33: =IF(F33=J33,2,0) -> 0 | Q33: =IF(O33+P33=4,5,0) -> 0 | S33: =IF(D33=F33,1,0) -> 1 | T33: =IF(H33=J33,1,0) -> 0 | U33: =IF(S33+T33=2,5,0) -> 0 | V33: =IF(Q33=5,0,U33) -> 0 | X33: =IF(D33>F33,1,0) -> 0 | Y33: =IF(H33>J33,1,0) -> 1 | Z33: =IF(X33+Y33=2,5,0) -> 0 | AA33: =IF(H33="n",0,Z33) -> 0 | AB33: =IF(Q33=5,0,AA33) -> 0 | AD33: =IF(D33<F33,1,0) -> 0 | AE33: =IF(H33<J33,1,0) -> 0 | AF33: =IF(AD33+AE33=2,5,0) -> 0 | AG33: =IF(Q33=5,0,AF33) -> 0
A35: 46209 | B35: 0.66666667 | E35: x | H35: n | I35: x | J35: d | K35: =O35+P35+U35+AA35+AF35 -> 0 | O35: =IF(D35=H35,2,0) -> 0 | P35: =IF(F35=J35,2,0) -> 0 | Q35: =IF(O35+P35=4,5,0) -> 0 | S35: =IF(D35=F35,1,0) -> 1 | T35: =IF(H35=J35,1,0) -> 0 | U35: =IF(S35+T35=2,5,0) -> 0 | V35: =IF(Q35=5,0,U35) -> 0 | X35: =IF(D35>F35,1,0) -> 0 | Y35: =IF(H35>J35,1,0) -> 1 | Z35: =IF(X35+Y35=2,5,0) -> 0 | AA35: =IF(H35="n",0,Z35) -> 0 | AB35: =IF(Q35=5,0,AA35) -> 0 | AD35: =IF(D35<F35,1,0) -> 0 | AE35: =IF(H35<J35,1,0) -> 0 | AF35: =IF(AD35+AE35=2,5,0) -> 0 | AG35: =IF(Q35=5,0,AF35) -> 0
A37: 46209 | B37: 0.875 | E37: x | H37: n | I37: x | J37: d | K37: =O37+P37+U37+AA37+AF37 -> 0 | O37: =IF(D37=H37,2,0) -> 0 | P37: =IF(F37=J37,2,0) -> 0 | Q37: =IF(O37+P37=4,5,0) -> 0 | S37: =IF(D37=F37,1,0) -> 1 | T37: =IF(H37=J37,1,0) -> 0 | U37: =IF(S37+T37=2,5,0) -> 0 | V37: =IF(Q37=5,0,U37) -> 0 | X37: =IF(D37>F37,1,0) -> 0 | Y37: =IF(H37>J37,1,0) -> 1 | Z37: =IF(X37+Y37=2,5,0) -> 0 | AA37: =IF(H37="n",0,Z37) -> 0 | AB37: =IF(Q37=5,0,AA37) -> 0 | AD37: =IF(D37<F37,1,0) -> 0 | AE37: =IF(H37<J37,1,0) -> 0 | AF37: =IF(AD37+AE37=2,5,0) -> 0 | AG37: =IF(Q37=5,0,AF37) -> 0
A39: 46210 | B39: 0.54166667 | E39: x | H39: n | I39: x | J39: d | K39: =O39+P39+U39+AA39+AF39 -> 0 | O39: =IF(D39=H39,2,0) -> 0 | P39: =IF(F39=J39,2,0) -> 0 | Q39: =IF(O39+P39=4,5,0) -> 0 | S39: =IF(D39=F39,1,0) -> 1 | T39: =IF(H39=J39,1,0) -> 0 | U39: =IF(S39+T39=2,5,0) -> 0 | V39: =IF(Q39=5,0,U39) -> 0 | X39: =IF(D39>F39,1,0) -> 0 | Y39: =IF(H39>J39,1,0) -> 1 | Z39: =IF(X39+Y39=2,5,0) -> 0 | AA39: =IF(H39="n",0,Z39) -> 0 | AB39: =IF(Q39=5,0,AA39) -> 0 | AD39: =IF(D39<F39,1,0) -> 0 | AE39: =IF(H39<J39,1,0) -> 0 | AF39: =IF(AD39+AE39=2,5,0) -> 0 | AG39: =IF(Q39=5,0,AF39) -> 0
A41: 46210 | B41: 0.70833333 | E41: x | H41: n | I41: x | J41: d | K41: =O41+P41+U41+AA41+AF41 -> 0 | O41: =IF(D41=H41,2,0) -> 0 | P41: =IF(F41=J41,2,0) -> 0 | Q41: =IF(O41+P41=4,5,0) -> 0 | S41: =IF(D41=F41,1,0) -> 1 | T41: =IF(H41=J41,1,0) -> 0 | U41: =IF(S41+T41=2,5,0) -> 0 | V41: =IF(Q41=5,0,U41) -> 0 | X41: =IF(D41>F41,1,0) -> 0 | Y41: =IF(H41>J41,1,0) -> 1 | Z41: =IF(X41+Y41=2,5,0) -> 0 | AA41: =IF(H41="n",0,Z41) -> 0 | AB41: =IF(Q41=5,0,AA41) -> 0 | AD41: =IF(D41<F41,1,0) -> 0 | AE41: =IF(H41<J41,1,0) -> 0 | AF41: =IF(AD41+AE41=2,5,0) -> 0 | AG41: =IF(Q41=5,0,AF41) -> 0
A44: 46212 | B44: 0.70833333 | E44: x | H44: n | I44: x | J44: d | K44: =O44+P44+U44+AA44+AF44 -> 0 | L44: E | O44: =IF(D44=H44,2,0) -> 0 | P44: =IF(F44=J44,2,0) -> 0 | Q44: =IF(O44+P44=4,5,0) -> 0 | S44: =IF(D44=F44,1,0) -> 1 | T44: =IF(H44=J44,1,0) -> 0 | U44: =IF(S44+T44=2,5,0) -> 0 | V44: =IF(Q44=5,0,U44) -> 0 | X44: =IF(D44>F44,1,0) -> 0 | Y44: =IF(H44>J44,1,0) -> 1 | Z44: =IF(X44+Y44=2,5,0) -> 0 | AA44: =IF(H44="n",0,Z44) -> 0 | AB44: =IF(Q44=5,0,AA44) -> 0 | AD44: =IF(D44<F44,1,0) -> 0 | AE44: =IF(H44<J44,1,0) -> 0 | AF44: =IF(AD44+AE44=2,5,0) -> 0 | AG44: =IF(Q44=5,0,AF44) -> 0
A46: 46213 | B46: 0.66666667 | E46: x | H46: n | I46: x | J46: d | K46: =O46+P46+U46+AA46+AF46 -> 0 | O46: =IF(D46=H46,2,0) -> 0 | P46: =IF(F46=J46,2,0) -> 0 | Q46: =IF(O46+P46=4,5,0) -> 0 | S46: =IF(D46=F46,1,0) -> 1 | T46: =IF(H46=J46,1,0) -> 0 | U46: =IF(S46+T46=2,5,0) -> 0 | V46: =IF(Q46=5,0,U46) -> 0 | X46: =IF(D46>F46,1,0) -> 0 | Y46: =IF(H46>J46,1,0) -> 1 | Z46: =IF(X46+Y46=2,5,0) -> 0 | AA46: =IF(H46="n",0,Z46) -> 0 | AB46: =IF(Q46=5,0,AA46) -> 0 | AD46: =IF(D46<F46,1,0) -> 0 | AE46: =IF(H46<J46,1,0) -> 0 | AF46: =IF(AD46+AE46=2,5,0) -> 0 | AG46: =IF(Q46=5,0,AF46) -> 0
A48: 46214 | B48: 0.75 | E48: x | H48: n | I48: x | J48: d | K48: =O48+P48+U48+AA48+AF48 -> 0 | O48: =IF(D48=H48,2,0) -> 0 | P48: =IF(F48=J48,2,0) -> 0 | Q48: =IF(O48+P48=4,5,0) -> 0 | S48: =IF(D48=F48,1,0) -> 1 | T48: =IF(H48=J48,1,0) -> 0 | U48: =IF(S48+T48=2,5,0) -> 0 | V48: =IF(Q48=5,0,U48) -> 0 | X48: =IF(D48>F48,1,0) -> 0 | Y48: =IF(H48>J48,1,0) -> 1 | Z48: =IF(X48+Y48=2,5,0) -> 0 | AA48: =IF(H48="n",0,Z48) -> 0 | AB48: =IF(Q48=5,0,AA48) -> 0 | AD48: =IF(D48<F48,1,0) -> 0 | AE48: =IF(H48<J48,1,0) -> 0 | AF48: =IF(AD48+AE48=2,5,0) -> 0 | AG48: =IF(Q48=5,0,AF48) -> 0
A50: 46214 | B50: 0.91666667 | E50: x | H50: n | I50: x | J50: d | K50: =O50+P50+U50+AA50+AF50 -> 0 | O50: =IF(D50=H50,2,0) -> 0 | P50: =IF(F50=J50,2,0) -> 0 | Q50: =IF(O50+P50=4,5,0) -> 0 | S50: =IF(D50=F50,1,0) -> 1 | T50: =IF(H50=J50,1,0) -> 0 | U50: =IF(S50+T50=2,5,0) -> 0 | V50: =IF(Q50=5,0,U50) -> 0 | X50: =IF(D50>F50,1,0) -> 0 | Y50: =IF(H50>J50,1,0) -> 1 | Z50: =IF(X50+Y50=2,5,0) -> 0 | AA50: =IF(H50="n",0,Z50) -> 0 | AB50: =IF(Q50=5,0,AA50) -> 0 | AD50: =IF(D50<F50,1,0) -> 0 | AE50: =IF(H50<J50,1,0) -> 0 | AF50: =IF(AD50+AE50=2,5,0) -> 0 | AG50: =IF(Q50=5,0,AF50) -> 0
A52: 46217 | B52: 0.66666667 | E52: x | H52: n | I52: x | J52: d | K52: =O52+P52+U52+AA52+AF52 -> 0 | O52: =IF(D52=H52,2,0) -> 0 | P52: =IF(F52=J52,2,0) -> 0 | Q52: =IF(O52+P52=4,5,0) -> 0 | S52: =IF(D52=F52,1,0) -> 1 | T52: =IF(H52=J52,1,0) -> 0 | U52: =IF(S52+T52=2,5,0) -> 0 | V52: =IF(Q52=5,0,U52) -> 0 | X52: =IF(D52>F52,1,0) -> 0 | Y52: =IF(H52>J52,1,0) -> 1 | Z52: =IF(X52+Y52=2,5,0) -> 0 | AA52: =IF(H52="n",0,Z52) -> 0 | AB52: =IF(Q52=5,0,AA52) -> 0 | AD52: =IF(D52<F52,1,0) -> 0 | AE52: =IF(H52<J52,1,0) -> 0 | AF52: =IF(AD52+AE52=2,5,0) -> 0 | AG52: =IF(Q52=5,0,AF52) -> 0
A54: 46218 | B54: 0.66666667 | E54: x | H54: n | I54: x | J54: d | K54: =O54+P54+U54+AA54+AF54 -> 0 | O54: =IF(D54=H54,2,0) -> 0 | P54: =IF(F54=J54,2,0) -> 0 | Q54: =IF(O54+P54=4,5,0) -> 0 | S54: =IF(D54=F54,1,0) -> 1 | T54: =IF(H54=J54,1,0) -> 0 | U54: =IF(S54+T54=2,5,0) -> 0 | V54: =IF(Q54=5,0,U54) -> 0 | X54: =IF(D54>F54,1,0) -> 0 | Y54: =IF(H54>J54,1,0) -> 1 | Z54: =IF(X54+Y54=2,5,0) -> 0 | AA54: =IF(H54="n",0,Z54) -> 0 | AB54: =IF(Q54=5,0,AA54) -> 0 | AD54: =IF(D54<F54,1,0) -> 0 | AE54: =IF(H54<J54,1,0) -> 0 | AF54: =IF(AD54+AE54=2,5,0) -> 0 | AG54: =IF(Q54=5,0,AF54) -> 0
A57: 46221 | B57: 0.75 | E57: x | H57: n | I57: x | J57: d | K57: =O57+P57+U57+AA57+AF57 -> 0 | L57: F | O57: =IF(D57=H57,2,0) -> 0 | P57: =IF(F57=J57,2,0) -> 0 | Q57: =IF(O57+P57=4,5,0) -> 0 | S57: =IF(D57=F57,1,0) -> 1 | T57: =IF(H57=J57,1,0) -> 0 | U57: =IF(S57+T57=2,5,0) -> 0 | V57: =IF(Q57=5,0,U57) -> 0 | X57: =IF(D57>F57,1,0) -> 0 | Y57: =IF(H57>J57,1,0) -> 1 | Z57: =IF(X57+Y57=2,5,0) -> 0 | AA57: =IF(H57="n",0,Z57) -> 0 | AB57: =IF(Q57=5,0,AA57) -> 0 | AD57: =IF(D57<F57,1,0) -> 0 | AE57: =IF(H57<J57,1,0) -> 0 | AF57: =IF(AD57+AE57=2,5,0) -> 0 | AG57: =IF(Q57=5,0,AF57) -> 0
A59: 46222 | B59: 0.66666667 | E59: x | H59: n | I59: x | J59: d | K59: =O59+P59+U59+AA59+AF59 -> 0 | O59: =IF(D59=H59,2,0) -> 0 | P59: =IF(F59=J59,2,0) -> 0 | Q59: =IF(O59+P59=4,5,0) -> 0 | S59: =IF(D59=F59,1,0) -> 1 | T59: =IF(H59=J59,1,0) -> 0 | U59: =IF(S59+T59=2,5,0) -> 0 | V59: =IF(Q59=5,0,U59) -> 0 | X59: =IF(D59>F59,1,0) -> 0 | Y59: =IF(H59>J59,1,0) -> 1 | Z59: =IF(X59+Y59=2,5,0) -> 0 | AA59: =IF(H59="n",0,Z59) -> 0 | AB59: =IF(Q59=5,0,AA59) -> 0 | AD59: =IF(D59<F59,1,0) -> 0 | AE59: =IF(H59<J59,1,0) -> 0 | AF59: =IF(AD59+AE59=2,5,0) -> 0 | AG59: =IF(Q59=5,0,AF59) -> 0
E61: x | H61: n | I61: x | J61: d | K61: =O61+P61+U61+AA61+AF61 -> 0 | O61: =IF(D61=H61,2,0) -> 0 | P61: =IF(F61=J61,2,0) -> 0 | Q61: =IF(O61+P61=4,5,0) -> 0 | S61: =IF(D61=F61,1,0) -> 1 | T61: =IF(H61=J61,1,0) -> 0 | U61: =IF(S61+T61=2,5,0) -> 0 | V61: =IF(Q61=5,0,U61) -> 0 | X61: =IF(D61>F61,1,0) -> 0 | Y61: =IF(H61>J61,1,0) -> 1 | Z61: =IF(X61+Y61=2,5,0) -> 0 | AA61: =IF(H61="n",0,Z61) -> 0 | AB61: =IF(Q61=5,0,AA61) -> 0 | AD61: =IF(D61<F61,1,0) -> 0 | AE61: =IF(H61<J61,1,0) -> 0 | AF61: =IF(AD61+AE61=2,5,0) -> 0 | AG61: =IF(Q61=5,0,AF61) -> 0
E63: x | H63: n | I63: x | J63: d | K63: =O63+P63+U63+AA63+AF63 -> 0 | O63: =IF(D63=H63,2,0) -> 0 | P63: =IF(F63=J63,2,0) -> 0 | Q63: =IF(O63+P63=4,5,0) -> 0 | S63: =IF(D63=F63,1,0) -> 1 | T63: =IF(H63=J63,1,0) -> 0 | U63: =IF(S63+T63=2,5,0) -> 0 | V63: =IF(Q63=5,0,U63) -> 0 | X63: =IF(D63>F63,1,0) -> 0 | Y63: =IF(H63>J63,1,0) -> 1 | Z63: =IF(X63+Y63=2,5,0) -> 0 | AA63: =IF(H63="n",0,Z63) -> 0 | AB63: =IF(Q63=5,0,AA63) -> 0 | AD63: =IF(D63<F63,1,0) -> 0 | AE63: =IF(H63<J63,1,0) -> 0 | AF63: =IF(AD63+AE63=2,5,0) -> 0 | AG63: =IF(Q63=5,0,AF63) -> 0
E65: x | H65: n | I65: x | J65: d | K65: =O65+P65+U65+AA65+AF65 -> 0 | O65: =IF(D65=H65,2,0) -> 0 | P65: =IF(F65=J65,2,0) -> 0 | Q65: =IF(O65+P65=4,5,0) -> 0 | S65: =IF(D65=F65,1,0) -> 1 | T65: =IF(H65=J65,1,0) -> 0 | U65: =IF(S65+T65=2,5,0) -> 0 | V65: =IF(Q65=5,0,U65) -> 0 | X65: =IF(D65>F65,1,0) -> 0 | Y65: =IF(H65>J65,1,0) -> 1 | Z65: =IF(X65+Y65=2,5,0) -> 0 | AA65: =IF(H65="n",0,Z65) -> 0 | AB65: =IF(Q65=5,0,AA65) -> 0 | AD65: =IF(D65<F65,1,0) -> 0 | AE65: =IF(H65<J65,1,0) -> 0 | AF65: =IF(AD65+AE65=2,5,0) -> 0 | AG65: =IF(Q65=5,0,AF65) -> 0
E67: x | H67: n | I67: x | J67: d | K67: =O67+P67+U67+AA67+AF67 -> 0 | O67: =IF(D67=H67,2,0) -> 0 | P67: =IF(F67=J67,2,0) -> 0 | Q67: =IF(O67+P67=4,5,0) -> 0 | S67: =IF(D67=F67,1,0) -> 1 | T67: =IF(H67=J67,1,0) -> 0 | U67: =IF(S67+T67=2,5,0) -> 0 | V67: =IF(Q67=5,0,U67) -> 0 | X67: =IF(D67>F67,1,0) -> 0 | Y67: =IF(H67>J67,1,0) -> 1 | Z67: =IF(X67+Y67=2,5,0) -> 0 | AA67: =IF(H67="n",0,Z67) -> 0 | AB67: =IF(Q67=5,0,AA67) -> 0 | AD67: =IF(D67<F67,1,0) -> 0 | AE67: =IF(H67<J67,1,0) -> 0 | AF67: =IF(AD67+AE67=2,5,0) -> 0 | AG67: =IF(Q67=5,0,AF67) -> 0
E70: x | H70: n | I70: x | J70: d | K70: =O70+P70+U70+AA70+AF70 -> 0 | L70: G | O70: =IF(D70=H70,2,0) -> 0 | P70: =IF(F70=J70,2,0) -> 0 | Q70: =IF(O70+P70=4,5,0) -> 0 | S70: =IF(D70=F70,1,0) -> 1 | T70: =IF(H70=J70,1,0) -> 0 | U70: =IF(S70+T70=2,5,0) -> 0 | V70: =IF(Q70=5,0,U70) -> 0 | X70: =IF(D70>F70,1,0) -> 0 | Y70: =IF(H70>J70,1,0) -> 1 | Z70: =IF(X70+Y70=2,5,0) -> 0 | AA70: =IF(H70="n",0,Z70) -> 0 | AB70: =IF(Q70=5,0,AA70) -> 0 | AD70: =IF(D70<F70,1,0) -> 0 | AE70: =IF(H70<J70,1,0) -> 0 | AF70: =IF(AD70+AE70=2,5,0) -> 0 | AG70: =IF(Q70=5,0,AF70) -> 0
E71: x | H71: n | I71: x | J71: d | K71: =O71+P71+U71+AA71+AF71 -> 0 | O71: =IF(D71=H71,2,0) -> 0 | P71: =IF(F71=J71,2,0) -> 0 | Q71: =IF(O71+P71=4,5,0) -> 0 | S71: =IF(D71=F71,1,0) -> 1 | T71: =IF(H71=J71,1,0) -> 0 | U71: =IF(S71+T71=2,5,0) -> 0 | V71: =IF(Q71=5,0,U71) -> 0 | X71: =IF(D71>F71,1,0) -> 0 | Y71: =IF(H71>J71,1,0) -> 1 | Z71: =IF(X71+Y71=2,5,0) -> 0 | AA71: =IF(H71="n",0,Z71) -> 0 | AB71: =IF(Q71=5,0,AA71) -> 0 | AD71: =IF(D71<F71,1,0) -> 0 | AE71: =IF(H71<J71,1,0) -> 0 | AF71: =IF(AD71+AE71=2,5,0) -> 0 | AG71: =IF(Q71=5,0,AF71) -> 0
E72: x | H72: n | I72: x | J72: d | K72: =O72+P72+U72+AA72+AF72 -> 0 | O72: =IF(D72=H72,2,0) -> 0 | P72: =IF(F72=J72,2,0) -> 0 | Q72: =IF(O72+P72=4,5,0) -> 0 | S72: =IF(D72=F72,1,0) -> 1 | T72: =IF(H72=J72,1,0) -> 0 | U72: =IF(S72+T72=2,5,0) -> 0 | V72: =IF(Q72=5,0,U72) -> 0 | X72: =IF(D72>F72,1,0) -> 0 | Y72: =IF(H72>J72,1,0) -> 1 | Z72: =IF(X72+Y72=2,5,0) -> 0 | AA72: =IF(H72="n",0,Z72) -> 0 | AB72: =IF(Q72=5,0,AA72) -> 0 | AD72: =IF(D72<F72,1,0) -> 0 | AE72: =IF(H72<J72,1,0) -> 0 | AF72: =IF(AD72+AE72=2,5,0) -> 0 | AG72: =IF(Q72=5,0,AF72) -> 0
E73: x | H73: n | I73: x | J73: d | K73: =O73+P73+U73+AA73+AF73 -> 0 | O73: =IF(D73=H73,2,0) -> 0 | P73: =IF(F73=J73,2,0) -> 0 | Q73: =IF(O73+P73=4,5,0) -> 0 | S73: =IF(D73=F73,1,0) -> 1 | T73: =IF(H73=J73,1,0) -> 0 | U73: =IF(S73+T73=2,5,0) -> 0 | V73: =IF(Q73=5,0,U73) -> 0 | X73: =IF(D73>F73,1,0) -> 0 | Y73: =IF(H73>J73,1,0) -> 1 | Z73: =IF(X73+Y73=2,5,0) -> 0 | AA73: =IF(H73="n",0,Z73) -> 0 | AB73: =IF(Q73=5,0,AA73) -> 0 | AD73: =IF(D73<F73,1,0) -> 0 | AE73: =IF(H73<J73,1,0) -> 0 | AF73: =IF(AD73+AE73=2,5,0) -> 0 | AG73: =IF(Q73=5,0,AF73) -> 0
E74: x | H74: n | I74: x | J74: d | K74: =O74+P74+U74+AA74+AF74 -> 0 | O74: =IF(D74=H74,2,0) -> 0 | P74: =IF(F74=J74,2,0) -> 0 | Q74: =IF(O74+P74=4,5,0) -> 0 | S74: =IF(D74=F74,1,0) -> 1 | T74: =IF(H74=J74,1,0) -> 0 | U74: =IF(S74+T74=2,5,0) -> 0 | V74: =IF(Q74=5,0,U74) -> 0 | X74: =IF(D74>F74,1,0) -> 0 | Y74: =IF(H74>J74,1,0) -> 1 | Z74: =IF(X74+Y74=2,5,0) -> 0 | AA74: =IF(H74="n",0,Z74) -> 0 | AB74: =IF(Q74=5,0,AA74) -> 0 | AD74: =IF(D74<F74,1,0) -> 0 | AE74: =IF(H74<J74,1,0) -> 0 | AF74: =IF(AD74+AE74=2,5,0) -> 0 | AG74: =IF(Q74=5,0,AF74) -> 0
E75: x | H75: n | I75: x | J75: d | K75: =O75+P75+U75+AA75+AF75 -> 0 | O75: =IF(D75=H75,2,0) -> 0 | P75: =IF(F75=J75,2,0) -> 0 | Q75: =IF(O75+P75=4,5,0) -> 0 | S75: =IF(D75=F75,1,0) -> 1 | T75: =IF(H75=J75,1,0) -> 0 | U75: =IF(S75+T75=2,5,0) -> 0 | V75: =IF(Q75=5,0,U75) -> 0 | X75: =IF(D75>F75,1,0) -> 0 | Y75: =IF(H75>J75,1,0) -> 1 | Z75: =IF(X75+Y75=2,5,0) -> 0 | AA75: =IF(H75="n",0,Z75) -> 0 | AB75: =IF(Q75=5,0,AA75) -> 0 | AD75: =IF(D75<F75,1,0) -> 0 | AE75: =IF(H75<J75,1,0) -> 0 | AF75: =IF(AD75+AE75=2,5,0) -> 0 | AG75: =IF(Q75=5,0,AF75) -> 0
E77: x | H77: n | I77: x | J77: d | K77: =O77+P77+U77+AA77+AF77 -> 0 | L77: H | O77: =IF(D77=H77,2,0) -> 0 | P77: =IF(F77=J77,2,0) -> 0 | Q77: =IF(O77+P77=4,5,0) -> 0 | S77: =IF(D77=F77,1,0) -> 1 | T77: =IF(H77=J77,1,0) -> 0 | U77: =IF(S77+T77=2,5,0) -> 0 | V77: =IF(Q77=5,0,U77) -> 0 | X77: =IF(D77>F77,1,0) -> 0 | Y77: =IF(H77>J77,1,0) -> 1 | Z77: =IF(X77+Y77=2,5,0) -> 0 | AA77: =IF(H77="n",0,Z77) -> 0 | AB77: =IF(Q77=5,0,AA77) -> 0 | AD77: =IF(D77<F77,1,0) -> 0 | AE77: =IF(H77<J77,1,0) -> 0 | AF77: =IF(AD77+AE77=2,5,0) -> 0 | AG77: =IF(Q77=5,0,AF77) -> 0
E78: x | H78: n | I78: x | J78: d | K78: =O78+P78+U78+AA78+AF78 -> 0 | O78: =IF(D78=H78,2,0) -> 0 | P78: =IF(F78=J78,2,0) -> 0 | Q78: =IF(O78+P78=4,5,0) -> 0 | S78: =IF(D78=F78,1,0) -> 1 | T78: =IF(H78=J78,1,0) -> 0 | U78: =IF(S78+T78=2,5,0) -> 0 | V78: =IF(Q78=5,0,U78) -> 0 | X78: =IF(D78>F78,1,0) -> 0 | Y78: =IF(H78>J78,1,0) -> 1 | Z78: =IF(X78+Y78=2,5,0) -> 0 | AA78: =IF(H78="n",0,Z78) -> 0 | AB78: =IF(Q78=5,0,AA78) -> 0 | AD78: =IF(D78<F78,1,0) -> 0 | AE78: =IF(H78<J78,1,0) -> 0 | AF78: =IF(AD78+AE78=2,5,0) -> 0 | AG78: =IF(Q78=5,0,AF78) -> 0
E79: x | H79: n | I79: x | J79: d | K79: =O79+P79+U79+AA79+AF79 -> 0 | O79: =IF(D79=H79,2,0) -> 0 | P79: =IF(F79=J79,2,0) -> 0 | Q79: =IF(O79+P79=4,5,0) -> 0 | S79: =IF(D79=F79,1,0) -> 1 | T79: =IF(H79=J79,1,0) -> 0 | U79: =IF(S79+T79=2,5,0) -> 0 | V79: =IF(Q79=5,0,U79) -> 0 | X79: =IF(D79>F79,1,0) -> 0 | Y79: =IF(H79>J79,1,0) -> 1 | Z79: =IF(X79+Y79=2,5,0) -> 0 | AA79: =IF(H79="n",0,Z79) -> 0 | AB79: =IF(Q79=5,0,AA79) -> 0 | AD79: =IF(D79<F79,1,0) -> 0 | AE79: =IF(H79<J79,1,0) -> 0 | AF79: =IF(AD79+AE79=2,5,0) -> 0 | AG79: =IF(Q79=5,0,AF79) -> 0
E80: x | H80: n | I80: x | J80: d | K80: =O80+P80+U80+AA80+AF80 -> 0 | O80: =IF(D80=H80,2,0) -> 0 | P80: =IF(F80=J80,2,0) -> 0 | Q80: =IF(O80+P80=4,5,0) -> 0 | S80: =IF(D80=F80,1,0) -> 1 | T80: =IF(H80=J80,1,0) -> 0 | U80: =IF(S80+T80=2,5,0) -> 0 | V80: =IF(Q80=5,0,U80) -> 0 | X80: =IF(D80>F80,1,0) -> 0 | Y80: =IF(H80>J80,1,0) -> 1 | Z80: =IF(X80+Y80=2,5,0) -> 0 | AA80: =IF(H80="n",0,Z80) -> 0 | AB80: =IF(Q80=5,0,AA80) -> 0 | AD80: =IF(D80<F80,1,0) -> 0 | AE80: =IF(H80<J80,1,0) -> 0 | AF80: =IF(AD80+AE80=2,5,0) -> 0 | AG80: =IF(Q80=5,0,AF80) -> 0
E81: x | H81: n | I81: x | J81: d | K81: =O81+P81+U81+AA81+AF81 -> 0 | O81: =IF(D81=H81,2,0) -> 0 | P81: =IF(F81=J81,2,0) -> 0 | Q81: =IF(O81+P81=4,5,0) -> 0 | S81: =IF(D81=F81,1,0) -> 1 | T81: =IF(H81=J81,1,0) -> 0 | U81: =IF(S81+T81=2,5,0) -> 0 | V81: =IF(Q81=5,0,U81) -> 0 | X81: =IF(D81>F81,1,0) -> 0 | Y81: =IF(H81>J81,1,0) -> 1 | Z81: =IF(X81+Y81=2,5,0) -> 0 | AA81: =IF(H81="n",0,Z81) -> 0 | AB81: =IF(Q81=5,0,AA81) -> 0 | AD81: =IF(D81<F81,1,0) -> 0 | AE81: =IF(H81<J81,1,0) -> 0 | AF81: =IF(AD81+AE81=2,5,0) -> 0 | AG81: =IF(Q81=5,0,AF81) -> 0
E82: x | H82: n | I82: x | J82: d | K82: =O82+P82+U82+AA82+AF82 -> 0 | O82: =IF(D82=H82,2,0) -> 0 | P82: =IF(F82=J82,2,0) -> 0 | Q82: =IF(O82+P82=4,5,0) -> 0 | S82: =IF(D82=F82,1,0) -> 1 | T82: =IF(H82=J82,1,0) -> 0 | U82: =IF(S82+T82=2,5,0) -> 0 | V82: =IF(Q82=5,0,U82) -> 0 | X82: =IF(D82>F82,1,0) -> 0 | Y82: =IF(H82>J82,1,0) -> 1 | Z82: =IF(X82+Y82=2,5,0) -> 0 | AA82: =IF(H82="n",0,Z82) -> 0 | AB82: =IF(Q82=5,0,AA82) -> 0 | AD82: =IF(D82<F82,1,0) -> 0 | AE82: =IF(H82<J82,1,0) -> 0 | AF82: =IF(AD82+AE82=2,5,0) -> 0 | AG82: =IF(Q82=5,0,AF82) -> 0
E84: x | H84: n | I84: x | J84: d | K84: =O84+P84+U84+AA84+AF84 -> 0 | L84: I | O84: =IF(D84=H84,2,0) -> 0 | P84: =IF(F84=J84,2,0) -> 0 | Q84: =IF(O84+P84=4,5,0) -> 0 | S84: =IF(D84=F84,1,0) -> 1 | T84: =IF(H84=J84,1,0) -> 0 | U84: =IF(S84+T84=2,5,0) -> 0 | V84: =IF(Q84=5,0,U84) -> 0 | X84: =IF(D84>F84,1,0) -> 0 | Y84: =IF(H84>J84,1,0) -> 1 | Z84: =IF(X84+Y84=2,5,0) -> 0 | AA84: =IF(H84="n",0,Z84) -> 0 | AB84: =IF(Q84=5,0,AA84) -> 0 | AD84: =IF(D84<F84,1,0) -> 0 | AE84: =IF(H84<J84,1,0) -> 0 | AF84: =IF(AD84+AE84=2,5,0) -> 0 | AG84: =IF(Q84=5,0,AF84) -> 0
E85: x | H85: n | I85: x | J85: d | K85: =O85+P85+U85+AA85+AF85 -> 0 | O85: =IF(D85=H85,2,0) -> 0 | P85: =IF(F85=J85,2,0) -> 0 | Q85: =IF(O85+P85=4,5,0) -> 0 | S85: =IF(D85=F85,1,0) -> 1 | T85: =IF(H85=J85,1,0) -> 0 | U85: =IF(S85+T85=2,5,0) -> 0 | V85: =IF(Q85=5,0,U85) -> 0 | X85: =IF(D85>F85,1,0) -> 0 | Y85: =IF(H85>J85,1,0) -> 1 | Z85: =IF(X85+Y85=2,5,0) -> 0 | AA85: =IF(H85="n",0,Z85) -> 0 | AB85: =IF(Q85=5,0,AA85) -> 0 | AD85: =IF(D85<F85,1,0) -> 0 | AE85: =IF(H85<J85,1,0) -> 0 | AF85: =IF(AD85+AE85=2,5,0) -> 0 | AG85: =IF(Q85=5,0,AF85) -> 0
E86: x | H86: n | I86: x | J86: d | K86: =O86+P86+U86+AA86+AF86 -> 0 | O86: =IF(D86=H86,2,0) -> 0 | P86: =IF(F86=J86,2,0) -> 0 | Q86: =IF(O86+P86=4,5,0) -> 0 | S86: =IF(D86=F86,1,0) -> 1 | T86: =IF(H86=J86,1,0) -> 0 | U86: =IF(S86+T86=2,5,0) -> 0 | V86: =IF(Q86=5,0,U86) -> 0 | X86: =IF(D86>F86,1,0) -> 0 | Y86: =IF(H86>J86,1,0) -> 1 | Z86: =IF(X86+Y86=2,5,0) -> 0 | AA86: =IF(H86="n",0,Z86) -> 0 | AB86: =IF(Q86=5,0,AA86) -> 0 | AD86: =IF(D86<F86,1,0) -> 0 | AE86: =IF(H86<J86,1,0) -> 0 | AF86: =IF(AD86+AE86=2,5,0) -> 0 | AG86: =IF(Q86=5,0,AF86) -> 0
E87: x | H87: n | I87: x | J87: d | K87: =O87+P87+U87+AA87+AF87 -> 0 | O87: =IF(D87=H87,2,0) -> 0 | P87: =IF(F87=J87,2,0) -> 0 | Q87: =IF(O87+P87=4,5,0) -> 0 | S87: =IF(D87=F87,1,0) -> 1 | T87: =IF(H87=J87,1,0) -> 0 | U87: =IF(S87+T87=2,5,0) -> 0 | V87: =IF(Q87=5,0,U87) -> 0 | X87: =IF(D87>F87,1,0) -> 0 | Y87: =IF(H87>J87,1,0) -> 1 | Z87: =IF(X87+Y87=2,5,0) -> 0 | AA87: =IF(H87="n",0,Z87) -> 0 | AB87: =IF(Q87=5,0,AA87) -> 0 | AD87: =IF(D87<F87,1,0) -> 0 | AE87: =IF(H87<J87,1,0) -> 0 | AF87: =IF(AD87+AE87=2,5,0) -> 0 | AG87: =IF(Q87=5,0,AF87) -> 0
E88: x | H88: n | I88: x | J88: d | K88: =O88+P88+U88+AA88+AF88 -> 0 | O88: =IF(D88=H88,2,0) -> 0 | P88: =IF(F88=J88,2,0) -> 0 | Q88: =IF(O88+P88=4,5,0) -> 0 | S88: =IF(D88=F88,1,0) -> 1 | T88: =IF(H88=J88,1,0) -> 0 | U88: =IF(S88+T88=2,5,0) -> 0 | V88: =IF(Q88=5,0,U88) -> 0 | X88: =IF(D88>F88,1,0) -> 0 | Y88: =IF(H88>J88,1,0) -> 1 | Z88: =IF(X88+Y88=2,5,0) -> 0 | AA88: =IF(H88="n",0,Z88) -> 0 | AB88: =IF(Q88=5,0,AA88) -> 0 | AD88: =IF(D88<F88,1,0) -> 0 | AE88: =IF(H88<J88,1,0) -> 0 | AF88: =IF(AD88+AE88=2,5,0) -> 0 | AG88: =IF(Q88=5,0,AF88) -> 0
E89: x | H89: n | I89: x | J89: d | K89: =O89+P89+U89+AA89+AF89 -> 0 | O89: =IF(D89=H89,2,0) -> 0 | P89: =IF(F89=J89,2,0) -> 0 | Q89: =IF(O89+P89=4,5,0) -> 0 | S89: =IF(D89=F89,1,0) -> 1 | T89: =IF(H89=J89,1,0) -> 0 | U89: =IF(S89+T89=2,5,0) -> 0 | V89: =IF(Q89=5,0,U89) -> 0 | X89: =IF(D89>F89,1,0) -> 0 | Y89: =IF(H89>J89,1,0) -> 1 | Z89: =IF(X89+Y89=2,5,0) -> 0 | AA89: =IF(H89="n",0,Z89) -> 0 | AB89: =IF(Q89=5,0,AA89) -> 0 | AD89: =IF(D89<F89,1,0) -> 0 | AE89: =IF(H89<J89,1,0) -> 0 | AF89: =IF(AD89+AE89=2,5,0) -> 0 | AG89: =IF(Q89=5,0,AF89) -> 0
E91: x | H91: n | I91: x | J91: d | K91: =O91+P91+U91+AA91+AF91 -> 0 | L91: J | O91: =IF(D91=H91,2,0) -> 0 | P91: =IF(F91=J91,2,0) -> 0 | Q91: =IF(O91+P91=4,5,0) -> 0 | S91: =IF(D91=F91,1,0) -> 1 | T91: =IF(H91=J91,1,0) -> 0 | U91: =IF(S91+T91=2,5,0) -> 0 | V91: =IF(Q91=5,0,U91) -> 0 | X91: =IF(D91>F91,1,0) -> 0 | Y91: =IF(H91>J91,1,0) -> 1 | Z91: =IF(X91+Y91=2,5,0) -> 0 | AA91: =IF(H91="n",0,Z91) -> 0 | AB91: =IF(Q91=5,0,AA91) -> 0 | AD91: =IF(D91<F91,1,0) -> 0 | AE91: =IF(H91<J91,1,0) -> 0 | AF91: =IF(AD91+AE91=2,5,0) -> 0 | AG91: =IF(Q91=5,0,AF91) -> 0
E92: x | H92: n | I92: x | J92: d | K92: =O92+P92+U92+AA92+AF92 -> 0 | O92: =IF(D92=H92,2,0) -> 0 | P92: =IF(F92=J92,2,0) -> 0 | Q92: =IF(O92+P92=4,5,0) -> 0 | S92: =IF(D92=F92,1,0) -> 1 | T92: =IF(H92=J92,1,0) -> 0 | U92: =IF(S92+T92=2,5,0) -> 0 | V92: =IF(Q92=5,0,U92) -> 0 | X92: =IF(D92>F92,1,0) -> 0 | Y92: =IF(H92>J92,1,0) -> 1 | Z92: =IF(X92+Y92=2,5,0) -> 0 | AA92: =IF(H92="n",0,Z92) -> 0 | AB92: =IF(Q92=5,0,AA92) -> 0 | AD92: =IF(D92<F92,1,0) -> 0 | AE92: =IF(H92<J92,1,0) -> 0 | AF92: =IF(AD92+AE92=2,5,0) -> 0 | AG92: =IF(Q92=5,0,AF92) -> 0
E93: x | H93: n | I93: x | J93: d | K93: =O93+P93+U93+AA93+AF93 -> 0 | O93: =IF(D93=H93,2,0) -> 0 | P93: =IF(F93=J93,2,0) -> 0 | Q93: =IF(O93+P93=4,5,0) -> 0 | S93: =IF(D93=F93,1,0) -> 1 | T93: =IF(H93=J93,1,0) -> 0 | U93: =IF(S93+T93=2,5,0) -> 0 | V93: =IF(Q93=5,0,U93) -> 0 | X93: =IF(D93>F93,1,0) -> 0 | Y93: =IF(H93>J93,1,0) -> 1 | Z93: =IF(X93+Y93=2,5,0) -> 0 | AA93: =IF(H93="n",0,Z93) -> 0 | AB93: =IF(Q93=5,0,AA93) -> 0 | AD93: =IF(D93<F93,1,0) -> 0 | AE93: =IF(H93<J93,1,0) -> 0 | AF93: =IF(AD93+AE93=2,5,0) -> 0 | AG93: =IF(Q93=5,0,AF93) -> 0
E94: x | H94: n | I94: x | J94: d | K94: =O94+P94+U94+AA94+AF94 -> 0 | O94: =IF(D94=H94,2,0) -> 0 | P94: =IF(F94=J94,2,0) -> 0 | Q94: =IF(O94+P94=4,5,0) -> 0 | S94: =IF(D94=F94,1,0) -> 1 | T94: =IF(H94=J94,1,0) -> 0 | U94: =IF(S94+T94=2,5,0) -> 0 | V94: =IF(Q94=5,0,U94) -> 0 | X94: =IF(D94>F94,1,0) -> 0 | Y94: =IF(H94>J94,1,0) -> 1 | Z94: =IF(X94+Y94=2,5,0) -> 0 | AA94: =IF(H94="n",0,Z94) -> 0 | AB94: =IF(Q94=5,0,AA94) -> 0 | AD94: =IF(D94<F94,1,0) -> 0 | AE94: =IF(H94<J94,1,0) -> 0 | AF94: =IF(AD94+AE94=2,5,0) -> 0 | AG94: =IF(Q94=5,0,AF94) -> 0
E95: x | H95: n | I95: x | J95: d | K95: =O95+P95+U95+AA95+AF95 -> 0 | O95: =IF(D95=H95,2,0) -> 0 | P95: =IF(F95=J95,2,0) -> 0 | Q95: =IF(O95+P95=4,5,0) -> 0 | S95: =IF(D95=F95,1,0) -> 1 | T95: =IF(H95=J95,1,0) -> 0 | U95: =IF(S95+T95=2,5,0) -> 0 | V95: =IF(Q95=5,0,U95) -> 0 | X95: =IF(D95>F95,1,0) -> 0 | Y95: =IF(H95>J95,1,0) -> 1 | Z95: =IF(X95+Y95=2,5,0) -> 0 | AA95: =IF(H95="n",0,Z95) -> 0 | AB95: =IF(Q95=5,0,AA95) -> 0 | AD95: =IF(D95<F95,1,0) -> 0 | AE95: =IF(H95<J95,1,0) -> 0 | AF95: =IF(AD95+AE95=2,5,0) -> 0 | AG95: =IF(Q95=5,0,AF95) -> 0
E96: x | H96: n | I96: x | J96: d | K96: =O96+P96+U96+AA96+AF96 -> 0 | O96: =IF(D96=H96,2,0) -> 0 | P96: =IF(F96=J96,2,0) -> 0 | Q96: =IF(O96+P96=4,5,0) -> 0 | S96: =IF(D96=F96,1,0) -> 1 | T96: =IF(H96=J96,1,0) -> 0 | U96: =IF(S96+T96=2,5,0) -> 0 | V96: =IF(Q96=5,0,U96) -> 0 | X96: =IF(D96>F96,1,0) -> 0 | Y96: =IF(H96>J96,1,0) -> 1 | Z96: =IF(X96+Y96=2,5,0) -> 0 | AA96: =IF(H96="n",0,Z96) -> 0 | AB96: =IF(Q96=5,0,AA96) -> 0 | AD96: =IF(D96<F96,1,0) -> 0 | AE96: =IF(H96<J96,1,0) -> 0 | AF96: =IF(AD96+AE96=2,5,0) -> 0 | AG96: =IF(Q96=5,0,AF96) -> 0
O97: =IF(D97=H97,2,0) -> 2 | T97: =IF(H97=J97,1,0) -> 1 | Y97: =IF(H97>J97,1,0) -> 0 | AE97: =IF(H97<J97,1,0) -> 0
E98: x | H98: n | I98: x | J98: d | K98: =O98+P98+U98+AA98+AF98 -> 0 | L98: K | O98: =IF(D98=H98,2,0) -> 0 | P98: =IF(F98=J98,2,0) -> 0 | Q98: =IF(O98+P98=4,5,0) -> 0 | S98: =IF(D98=F98,1,0) -> 1 | T98: =IF(H98=J98,1,0) -> 0 | U98: =IF(S98+T98=2,5,0) -> 0 | V98: =IF(Q98=5,0,U98) -> 0 | X98: =IF(D98>F98,1,0) -> 0 | Y98: =IF(H98>J98,1,0) -> 1 | Z98: =IF(X98+Y98=2,5,0) -> 0 | AA98: =IF(H98="n",0,Z98) -> 0 | AB98: =IF(Q98=5,0,AA98) -> 0 | AD98: =IF(D98<F98,1,0) -> 0 | AE98: =IF(H98<J98,1,0) -> 0 | AF98: =IF(AD98+AE98=2,5,0) -> 0 | AG98: =IF(Q98=5,0,AF98) -> 0
E99: x | H99: n | I99: x | J99: d | K99: =O99+P99+U99+AA99+AF99 -> 0 | O99: =IF(D99=H99,2,0) -> 0 | P99: =IF(F99=J99,2,0) -> 0 | Q99: =IF(O99+P99=4,5,0) -> 0 | S99: =IF(D99=F99,1,0) -> 1 | T99: =IF(H99=J99,1,0) -> 0 | U99: =IF(S99+T99=2,5,0) -> 0 | V99: =IF(Q99=5,0,U99) -> 0 | X99: =IF(D99>F99,1,0) -> 0 | Y99: =IF(H99>J99,1,0) -> 1 | Z99: =IF(X99+Y99=2,5,0) -> 0 | AA99: =IF(H99="n",0,Z99) -> 0 | AB99: =IF(Q99=5,0,AA99) -> 0 | AD99: =IF(D99<F99,1,0) -> 0 | AE99: =IF(H99<J99,1,0) -> 0 | AF99: =IF(AD99+AE99=2,5,0) -> 0 | AG99: =IF(Q99=5,0,AF99) -> 0
E100: x | H100: n | I100: x | J100: d | K100: =O100+P100+U100+AA100+AF100 -> 0 | O100: =IF(D100=H100,2,0) -> 0 | P100: =IF(F100=J100,2,0) -> 0 | Q100: =IF(O100+P100=4,5,0) -> 0 | S100: =IF(D100=F100,1,0) -> 1 | T100: =IF(H100=J100,1,0) -> 0 | U100: =IF(S100+T100=2,5,0) -> 0 | V100: =IF(Q100=5,0,U100) -> 0 | X100: =IF(D100>F100,1,0) -> 0 | Y100: =IF(H100>J100,1,0) -> 1 | Z100: =IF(X100+Y100=2,5,0) -> 0 | AA100: =IF(H100="n",0,Z100) -> 0 | AB100: =IF(Q100=5,0,AA100) -> 0 | AD100: =IF(D100<F100,1,0) -> 0 | AE100: =IF(H100<J100,1,0) -> 0 | AF100: =IF(AD100+AE100=2,5,0) -> 0 | AG100: =IF(Q100=5,0,AF100) -> 0
E101: x | H101: n | I101: x | J101: d | K101: =O101+P101+U101+AA101+AF101 -> 0 | O101: =IF(D101=H101,2,0) -> 0 | P101: =IF(F101=J101,2,0) -> 0 | Q101: =IF(O101+P101=4,5,0) -> 0 | S101: =IF(D101=F101,1,0) -> 1 | T101: =IF(H101=J101,1,0) -> 0 | U101: =IF(S101+T101=2,5,0) -> 0 | V101: =IF(Q101=5,0,U101) -> 0 | X101: =IF(D101>F101,1,0) -> 0 | Y101: =IF(H101>J101,1,0) -> 1 | Z101: =IF(X101+Y101=2,5,0) -> 0 | AA101: =IF(H101="n",0,Z101) -> 0 | AB101: =IF(Q101=5,0,AA101) -> 0 | AD101: =IF(D101<F101,1,0) -> 0 | AE101: =IF(H101<J101,1,0) -> 0 | AF101: =IF(AD101+AE101=2,5,0) -> 0 | AG101: =IF(Q101=5,0,AF101) -> 0
E102: x | H102: n | I102: x | J102: d | K102: =O102+P102+U102+AA102+AF102 -> 0 | O102: =IF(D102=H102,2,0) -> 0 | P102: =IF(F102=J102,2,0) -> 0 | Q102: =IF(O102+P102=4,5,0) -> 0 | S102: =IF(D102=F102,1,0) -> 1 | T102: =IF(H102=J102,1,0) -> 0 | U102: =IF(S102+T102=2,5,0) -> 0 | V102: =IF(Q102=5,0,U102) -> 0 | X102: =IF(D102>F102,1,0) -> 0 | Y102: =IF(H102>J102,1,0) -> 1 | Z102: =IF(X102+Y102=2,5,0) -> 0 | AA102: =IF(H102="n",0,Z102) -> 0 | AB102: =IF(Q102=5,0,AA102) -> 0 | AD102: =IF(D102<F102,1,0) -> 0 | AE102: =IF(H102<J102,1,0) -> 0 | AF102: =IF(AD102+AE102=2,5,0) -> 0 | AG102: =IF(Q102=5,0,AF102) -> 0
E103: x | H103: n | I103: x | J103: d | K103: =O103+P103+U103+AA103+AF103 -> 0 | O103: =IF(D103=H103,2,0) -> 0 | P103: =IF(F103=J103,2,0) -> 0 | Q103: =IF(O103+P103=4,5,0) -> 0 | S103: =IF(D103=F103,1,0) -> 1 | T103: =IF(H103=J103,1,0) -> 0 | U103: =IF(S103+T103=2,5,0) -> 0 | V103: =IF(Q103=5,0,U103) -> 0 | X103: =IF(D103>F103,1,0) -> 0 | Y103: =IF(H103>J103,1,0) -> 1 | Z103: =IF(X103+Y103=2,5,0) -> 0 | AA103: =IF(H103="n",0,Z103) -> 0 | AB103: =IF(Q103=5,0,AA103) -> 0 | AD103: =IF(D103<F103,1,0) -> 0 | AE103: =IF(H103<J103,1,0) -> 0 | AF103: =IF(AD103+AE103=2,5,0) -> 0 | AG103: =IF(Q103=5,0,AF103) -> 0
P104: =IF(F104=J104,2,0) -> 2 | T104: =IF(H104=J104,1,0) -> 1 | Y104: =IF(H104>J104,1,0) -> 0 | AE104: =IF(H104<J104,1,0) -> 0
E105: x | H105: n | I105: x | J105: d | K105: =O105+P105+U105+AA105+AF105 -> 0 | L105: L | O105: =IF(D105=H105,2,0) -> 0 | P105: =IF(F105=J105,2,0) -> 0 | Q105: =IF(O105+P105=4,5,0) -> 0 | S105: =IF(D105=F105,1,0) -> 1 | T105: =IF(H105=J105,1,0) -> 0 | U105: =IF(S105+T105=2,5,0) -> 0 | V105: =IF(Q105=5,0,U105) -> 0 | X105: =IF(D105>F105,1,0) -> 0 | Y105: =IF(H105>J105,1,0) -> 1 | Z105: =IF(X105+Y105=2,5,0) -> 0 | AA105: =IF(H105="n",0,Z105) -> 0 | AB105: =IF(Q105=5,0,AA105) -> 0 | AD105: =IF(D105<F105,1,0) -> 0 | AE105: =IF(H105<J105,1,0) -> 0 | AF105: =IF(AD105+AE105=2,5,0) -> 0 | AG105: =IF(Q105=5,0,AF105) -> 0
E106: x | H106: n | I106: x | J106: d | K106: =O106+P106+U106+AA106+AF106 -> 0 | O106: =IF(D106=H106,2,0) -> 0 | P106: =IF(F106=J106,2,0) -> 0 | Q106: =IF(O106+P106=4,5,0) -> 0 | S106: =IF(D106=F106,1,0) -> 1 | T106: =IF(H106=J106,1,0) -> 0 | U106: =IF(S106+T106=2,5,0) -> 0 | V106: =IF(Q106=5,0,U106) -> 0 | X106: =IF(D106>F106,1,0) -> 0 | Y106: =IF(H106>J106,1,0) -> 1 | Z106: =IF(X106+Y106=2,5,0) -> 0 | AA106: =IF(H106="n",0,Z106) -> 0 | AB106: =IF(Q106=5,0,AA106) -> 0 | AD106: =IF(D106<F106,1,0) -> 0 | AE106: =IF(H106<J106,1,0) -> 0 | AF106: =IF(AD106+AE106=2,5,0) -> 0 | AG106: =IF(Q106=5,0,AF106) -> 0
E107: x | H107: n | I107: x | J107: d | K107: =O107+P107+U107+AA107+AF107 -> 0 | O107: =IF(D107=H107,2,0) -> 0 | P107: =IF(F107=J107,2,0) -> 0 | Q107: =IF(O107+P107=4,5,0) -> 0 | S107: =IF(D107=F107,1,0) -> 1 | T107: =IF(H107=J107,1,0) -> 0 | U107: =IF(S107+T107=2,5,0) -> 0 | V107: =IF(Q107=5,0,U107) -> 0 | X107: =IF(D107>F107,1,0) -> 0 | Y107: =IF(H107>J107,1,0) -> 1 | Z107: =IF(X107+Y107=2,5,0) -> 0 | AA107: =IF(H107="n",0,Z107) -> 0 | AB107: =IF(Q107=5,0,AA107) -> 0 | AD107: =IF(D107<F107,1,0) -> 0 | AE107: =IF(H107<J107,1,0) -> 0 | AF107: =IF(AD107+AE107=2,5,0) -> 0 | AG107: =IF(Q107=5,0,AF107) -> 0
E108: x | H108: n | I108: x | J108: d | K108: =O108+P108+U108+AA108+AF108 -> 0 | O108: =IF(D108=H108,2,0) -> 0 | P108: =IF(F108=J108,2,0) -> 0 | Q108: =IF(O108+P108=4,5,0) -> 0 | S108: =IF(D108=F108,1,0) -> 1 | T108: =IF(H108=J108,1,0) -> 0 | U108: =IF(S108+T108=2,5,0) -> 0 | V108: =IF(Q108=5,0,U108) -> 0 | X108: =IF(D108>F108,1,0) -> 0 | Y108: =IF(H108>J108,1,0) -> 1 | Z108: =IF(X108+Y108=2,5,0) -> 0 | AA108: =IF(H108="n",0,Z108) -> 0 | AB108: =IF(Q108=5,0,AA108) -> 0 | AD108: =IF(D108<F108,1,0) -> 0 | AE108: =IF(H108<J108,1,0) -> 0 | AF108: =IF(AD108+AE108=2,5,0) -> 0 | AG108: =IF(Q108=5,0,AF108) -> 0
E109: x | H109: n | I109: x | J109: d | K109: =O109+P109+U109+AA109+AF109 -> 0 | O109: =IF(D109=H109,2,0) -> 0 | P109: =IF(F109=J109,2,0) -> 0 | Q109: =IF(O109+P109=4,5,0) -> 0 | S109: =IF(D109=F109,1,0) -> 1 | T109: =IF(H109=J109,1,0) -> 0 | U109: =IF(S109+T109=2,5,0) -> 0 | V109: =IF(Q109=5,0,U109) -> 0 | X109: =IF(D109>F109,1,0) -> 0 | Y109: =IF(H109>J109,1,0) -> 1 | Z109: =IF(X109+Y109=2,5,0) -> 0 | AA109: =IF(H109="n",0,Z109) -> 0 | AB109: =IF(Q109=5,0,AA109) -> 0 | AD109: =IF(D109<F109,1,0) -> 0 | AE109: =IF(H109<J109,1,0) -> 0 | AF109: =IF(AD109+AE109=2,5,0) -> 0 | AG109: =IF(Q109=5,0,AF109) -> 0
E110: x | H110: n | I110: x | J110: d | K110: =O110+P110+U110+AA110+AF110 -> 0 | O110: =IF(D110=H110,2,0) -> 0 | P110: =IF(F110=J110,2,0) -> 0 | Q110: =IF(O110+P110=4,5,0) -> 0 | S110: =IF(D110=F110,1,0) -> 1 | T110: =IF(H110=J110,1,0) -> 0 | U110: =IF(S110+T110=2,5,0) -> 0 | V110: =IF(Q110=5,0,U110) -> 0 | X110: =IF(D110>F110,1,0) -> 0 | Y110: =IF(H110>J110,1,0) -> 1 | Z110: =IF(X110+Y110=2,5,0) -> 0 | AA110: =IF(H110="n",0,Z110) -> 0 | AB110: =IF(Q110=5,0,AA110) -> 0 | AD110: =IF(D110<F110,1,0) -> 0 | AE110: =IF(H110<J110,1,0) -> 0 | AF110: =IF(AD110+AE110=2,5,0) -> 0 | AG110: =IF(Q110=5,0,AF110) -> 0
K111: =SUM(K4:K110) -> 23

Sheet T (4)
A1: Nome | C1: André Siqueira | S1: empate | X1: vitoria A | AD1: Vitiria B
O2: ok | P2: ok
D3: PARTICIPANTE | H3: OFICIAL | K3: PONTOS
A4: =TABELA!A4 -> 46201 | B4: =TABELA!B4 -> 0.66666667 | C4: =TABELA!C4 -> Africa do Sul | D4: 0 | E4: x | F4: 2 | G4: =TABELA!G4 -> Canadá | H4: =TABELA!D4 -> 0 | I4: x | J4: =TABELA!F4 -> 1 | K4: =O4+P4+U4+AA4+AF4 -> 7 | L4: a | O4: =IF(D4=H4,2,0) -> 2 | P4: =IF(F4=J4,2,0) -> 0 | Q4: =IF(O4+P4=4,5,0) -> 0 | S4: =IF(D4=F4,1,0) -> 0 | T4: =IF(H4=J4,1,0) -> 0 | U4: =IF(S4+T4=2,5,0) -> 0 | V4: =IF(Q4=5,0,U4) -> 0 | X4: =IF(D4>F4,1,0) -> 0 | Y4: =IF(H4>J4,1,0) -> 0 | Z4: =IF(X4+Y4=2,5,0) -> 0 | AA4: =IF(H4="n",0,Z4) -> 0 | AB4: =IF(Q4=5,0,AA4) -> 0 | AD4: =IF(D4<F4,1,0) -> 1 | AE4: =IF(H4<J4,1,0) -> 1 | AF4: =IF(AD4+AE4=2,5,0) -> 5 | AG4: =IF(Q4=5,0,AF4) -> 5
A5: =TABELA!A5 -> 46202 | B5: =TABELA!B5 -> 0.58333333 | C5: =TABELA!C5 -> Brasil | D5: 3 | E5: x | F5: 1 | G5: =TABELA!G5 -> Japão | H5: =TABELA!D5 -> 2 | I5: x | J5: =TABELA!F5 -> 1 | K5: =O5+P5+U5+AA5+AF5 -> 7 | O5: =IF(D5=H5,2,0) -> 0 | P5: =IF(F5=J5,2,0) -> 2 | Q5: =IF(O5+P5=4,5,0) -> 0 | S5: =IF(D5=F5,1,0) -> 0 | T5: =IF(H5=J5,1,0) -> 0 | U5: =IF(S5+T5=2,5,0) -> 0 | V5: =IF(Q5=5,0,U5) -> 0 | X5: =IF(D5>F5,1,0) -> 1 | Y5: =IF(H5>J5,1,0) -> 1 | Z5: =IF(X5+Y5=2,5,0) -> 5 | AA5: =IF(H5="n",0,Z5) -> 5 | AB5: =IF(Q5=5,0,AA5) -> 5 | AD5: =IF(D5<F5,1,0) -> 0 | AE5: =IF(H5<J5,1,0) -> 0 | AF5: =IF(AD5+AE5=2,5,0) -> 0 | AG5: =IF(Q5=5,0,AF5) -> 0
A6: =TABELA!A6 -> 46202 | B6: =TABELA!B6 -> 0.72916667 | C6: =TABELA!C6 -> Alemanha | D6: 3 | E6: x | F6: 0 | G6: =TABELA!G6 -> Paraguai | H6: =TABELA!D6 -> 1 | I6: x | J6: =TABELA!F6 -> 1 | K6: =O6+P6+U6+AA6+AF6 -> 0 | O6: =IF(D6=H6,2,0) -> 0 | P6: =IF(F6=J6,2,0) -> 0 | Q6: =IF(O6+P6=4,5,0) -> 0 | S6: =IF(D6=F6,1,0) -> 0 | T6: =IF(H6=J6,1,0) -> 1 | U6: =IF(S6+T6=2,5,0) -> 0 | V6: =IF(Q6=5,0,U6) -> 0 | X6: =IF(D6>F6,1,0) -> 1 | Y6: =IF(H6>J6,1,0) -> 0 | Z6: =IF(X6+Y6=2,5,0) -> 0 | AA6: =IF(H6="n",0,Z6) -> 0 | AB6: =IF(Q6=5,0,AA6) -> 0 | AD6: =IF(D6<F6,1,0) -> 0 | AE6: =IF(H6<J6,1,0) -> 0 | AF6: =IF(AD6+AE6=2,5,0) -> 0 | AG6: =IF(Q6=5,0,AF6) -> 0
A7: =TABELA!A7 -> 46202 | B7: =TABELA!B7 -> 0.91666667 | C7: =TABELA!C7 -> Holanda | D7: 2 | E7: x | F7: 1 | G7: =TABELA!G7 -> Marrocos | H7: =TABELA!D7 -> 1 | I7: x | J7: =TABELA!F7 -> 1 | K7: =O7+P7+U7+AA7+AF7 -> 2 | O7: =IF(D7=H7,2,0) -> 0 | P7: =IF(F7=J7,2,0) -> 2 | Q7: =IF(O7+P7=4,5,0) -> 0 | S7: =IF(D7=F7,1,0) -> 0 | T7: =IF(H7=J7,1,0) -> 1 | U7: =IF(S7+T7=2,5,0) -> 0 | V7: =IF(Q7=5,0,U7) -> 0 | X7: =IF(D7>F7,1,0) -> 1 | Y7: =IF(H7>J7,1,0) -> 0 | Z7: =IF(X7+Y7=2,5,0) -> 0 | AA7: =IF(H7="n",0,Z7) -> 0 | AB7: =IF(Q7=5,0,AA7) -> 0 | AD7: =IF(D7<F7,1,0) -> 0 | AE7: =IF(H7<J7,1,0) -> 0 | AF7: =IF(AD7+AE7=2,5,0) -> 0 | AG7: =IF(Q7=5,0,AF7) -> 0
A8: =TABELA!A8 -> 46203 | B8: =TABELA!B8 -> 0.58333333 | C8: =TABELA!C8 -> Cost. do Marf. | D8: 1 | E8: x | F8: 1 | G8: =TABELA!G8 -> Noruega | H8: =TABELA!D8 -> n | I8: x | J8: =TABELA!F8 -> d | K8: =O8+P8+U8+AA8+AF8 -> 0 | O8: =IF(D8=H8,2,0) -> 0 | P8: =IF(F8=J8,2,0) -> 0 | Q8: =IF(O8+P8=4,5,0) -> 0 | S8: =IF(D8=F8,1,0) -> 1 | T8: =IF(H8=J8,1,0) -> 0 | U8: =IF(S8+T8=2,5,0) -> 0 | V8: =IF(Q8=5,0,U8) -> 0 | X8: =IF(D8>F8,1,0) -> 0 | Y8: =IF(H8>J8,1,0) -> 1 | Z8: =IF(X8+Y8=2,5,0) -> 0 | AA8: =IF(H8="n",0,Z8) -> 0 | AB8: =IF(Q8=5,0,AA8) -> 0 | AD8: =IF(D8<F8,1,0) -> 0 | AE8: =IF(H8<J8,1,0) -> 0 | AF8: =IF(AD8+AE8=2,5,0) -> 0 | AG8: =IF(Q8=5,0,AF8) -> 0
A9: =TABELA!A9 -> 46203 | B9: =TABELA!B9 -> 0.75 | C9: =TABELA!C9 -> França | D9: 3 | E9: x | F9: 0 | G9: =TABELA!G9 -> Suécia | H9: =TABELA!D9 -> n | I9: x | J9: =TABELA!F9 -> d | K9: =O9+P9+U9+AA9+AF9 -> 0 | O9: =IF(D9=H9,2,0) -> 0 | P9: =IF(F9=J9,2,0) -> 0 | Q9: =IF(O9+P9=4,5,0) -> 0 | S9: =IF(D9=F9,1,0) -> 0 | T9: =IF(H9=J9,1,0) -> 0 | U9: =IF(S9+T9=2,5,0) -> 0 | V9: =IF(Q9=5,0,U9) -> 0 | X9: =IF(D9>F9,1,0) -> 1 | Y9: =IF(H9>J9,1,0) -> 1 | Z9: =IF(X9+Y9=2,5,0) -> 5 | AA9: =IF(H9="n",0,Z9) -> 0 | AB9: =IF(Q9=5,0,AA9) -> 0 | AD9: =IF(D9<F9,1,0) -> 0 | AE9: =IF(H9<J9,1,0) -> 0 | AF9: =IF(AD9+AE9=2,5,0) -> 0 | AG9: =IF(Q9=5,0,AF9) -> 0
A11: =TABELA!A11 -> 46203 | B11: =TABELA!B11 -> 0.91666667 | C11: =TABELA!C11 -> México | D11: 1 | E11: x | F11: 0 | G11: =TABELA!G11 -> Equador | H11: =TABELA!D11 -> n | I11: x | J11: =TABELA!F11 -> d | K11: =O11+P11+U11+AA11+AF11 -> 0 | L11: B | O11: =IF(D11=H11,2,0) -> 0 | P11: =IF(F11=J11,2,0) -> 0 | Q11: =IF(O11+P11=4,5,0) -> 0 | S11: =IF(D11=F11,1,0) -> 0 | T11: =IF(H11=J11,1,0) -> 0 | U11: =IF(S11+T11=2,5,0) -> 0 | V11: =IF(Q11=5,0,U11) -> 0 | X11: =IF(D11>F11,1,0) -> 1 | Y11: =IF(H11>J11,1,0) -> 1 | Z11: =IF(X11+Y11=2,5,0) -> 5 | AA11: =IF(H11="n",0,Z11) -> 0 | AB11: =IF(Q11=5,0,AA11) -> 0 | AD11: =IF(D11<F11,1,0) -> 0 | AE11: =IF(H11<J11,1,0) -> 0 | AF11: =IF(AD11+AE11=2,5,0) -> 0 | AG11: =IF(Q11=5,0,AF11) -> 0
A12: =TABELA!A12 -> 46204 | B12: =TABELA!B12 -> 0.54166667 | C12: =TABELA!C12 -> Inglaterra | D12: 2 | E12: x | F12: 0 | G12: =TABELA!G12 -> Congo | H12: =TABELA!D12 -> n | I12: x | J12: =TABELA!F12 -> d | K12: =O12+P12+U12+AA12+AF12 -> 0 | O12: =IF(D12=H12,2,0) -> 0 | P12: =IF(F12=J12,2,0) -> 0 | Q12: =IF(O12+P12=4,5,0) -> 0 | S12: =IF(D12=F12,1,0) -> 0 | T12: =IF(H12=J12,1,0) -> 0 | U12: =IF(S12+T12=2,5,0) -> 0 | V12: =IF(Q12=5,0,U12) -> 0 | X12: =IF(D12>F12,1,0) -> 1 | Y12: =IF(H12>J12,1,0) -> 1 | Z12: =IF(X12+Y12=2,5,0) -> 5 | AA12: =IF(H12="n",0,Z12) -> 0 | AB12: =IF(Q12=5,0,AA12) -> 0 | AD12: =IF(D12<F12,1,0) -> 0 | AE12: =IF(H12<J12,1,0) -> 0 | AF12: =IF(AD12+AE12=2,5,0) -> 0 | AG12: =IF(Q12=5,0,AF12) -> 0
A13: =TABELA!A13 -> 46204 | B13: =TABELA!B13 -> 0.70833333 | C13: =TABELA!C13 -> Bélgica | D13: 1 | E13: x | F13: 1 | G13: =TABELA!G13 -> Senegal | H13: =TABELA!D13 -> n | I13: x | J13: =TABELA!F13 -> d | K13: =O13+P13+U13+AA13+AF13 -> 0 | O13: =IF(D13=H13,2,0) -> 0 | P13: =IF(F13=J13,2,0) -> 0 | Q13: =IF(O13+P13=4,5,0) -> 0 | S13: =IF(D13=F13,1,0) -> 1 | T13: =IF(H13=J13,1,0) -> 0 | U13: =IF(S13+T13=2,5,0) -> 0 | V13: =IF(Q13=5,0,U13) -> 0 | X13: =IF(D13>F13,1,0) -> 0 | Y13: =IF(H13>J13,1,0) -> 1 | Z13: =IF(X13+Y13=2,5,0) -> 0 | AA13: =IF(H13="n",0,Z13) -> 0 | AB13: =IF(Q13=5,0,AA13) -> 0 | AD13: =IF(D13<F13,1,0) -> 0 | AE13: =IF(H13<J13,1,0) -> 0 | AF13: =IF(AD13+AE13=2,5,0) -> 0 | AG13: =IF(Q13=5,0,AF13) -> 0
A14: =TABELA!A14 -> 46204 | B14: =TABELA!B14 -> 0.875 | C14: =TABELA!C14 -> Estados Unidos | D14: 2 | E14: x | F14: 0 | G14: =TABELA!G14 -> Bósnia | H14: =TABELA!D14 -> n | I14: x | J14: =TABELA!F14 -> d | K14: =O14+P14+U14+AA14+AF14 -> 0 | O14: =IF(D14=H14,2,0) -> 0 | P14: =IF(F14=J14,2,0) -> 0 | Q14: =IF(O14+P14=4,5,0) -> 0 | S14: =IF(D14=F14,1,0) -> 0 | T14: =IF(H14=J14,1,0) -> 0 | U14: =IF(S14+T14=2,5,0) -> 0 | V14: =IF(Q14=5,0,U14) -> 0 | X14: =IF(D14>F14,1,0) -> 1 | Y14: =IF(H14>J14,1,0) -> 1 | Z14: =IF(X14+Y14=2,5,0) -> 5 | AA14: =IF(H14="n",0,Z14) -> 0 | AB14: =IF(Q14=5,0,AA14) -> 0 | AD14: =IF(D14<F14,1,0) -> 0 | AE14: =IF(H14<J14,1,0) -> 0 | AF14: =IF(AD14+AE14=2,5,0) -> 0 | AG14: =IF(Q14=5,0,AF14) -> 0
A15: =TABELA!A15 -> 46205 | B15: =TABELA!B15 -> 0.66666667 | C15: Espanha | D15: 3 | E15: x | F15: 1 | G15: =TABELA!G15 -> Áustria | H15: =TABELA!D15 -> n | I15: x | J15: =TABELA!F15 -> d | K15: =O15+P15+U15+AA15+AF15 -> 0 | O15: =IF(D15=H15,2,0) -> 0 | P15: =IF(F15=J15,2,0) -> 0 | Q15: =IF(O15+P15=4,5,0) -> 0 | S15: =IF(D15=F15,1,0) -> 0 | T15: =IF(H15=J15,1,0) -> 0 | U15: =IF(S15+T15=2,5,0) -> 0 | V15: =IF(Q15=5,0,U15) -> 0 | X15: =IF(D15>F15,1,0) -> 1 | Y15: =IF(H15>J15,1,0) -> 1 | Z15: =IF(X15+Y15=2,5,0) -> 5 | AA15: =IF(H15="n",0,Z15) -> 0 | AB15: =IF(Q15=5,0,AA15) -> 0 | AD15: =IF(D15<F15,1,0) -> 0 | AE15: =IF(H15<J15,1,0) -> 0 | AF15: =IF(AD15+AE15=2,5,0) -> 0 | AG15: =IF(Q15=5,0,AF15) -> 0
A16: =TABELA!A16 -> 46205 | B16: =TABELA!B16 -> 0.83333333 | C16: =TABELA!C16 -> Portugal | D16: 3 | E16: x | F16: 1 | G16: =TABELA!G16 -> Croácia | H16: =TABELA!D16 -> n | I16: x | J16: =TABELA!F16 -> d | K16: =O16+P16+U16+AA16+AF16 -> 0 | O16: =IF(D16=H16,2,0) -> 0 | P16: =IF(F16=J16,2,0) -> 0 | Q16: =IF(O16+P16=4,5,0) -> 0 | S16: =IF(D16=F16,1,0) -> 0 | T16: =IF(H16=J16,1,0) -> 0 | U16: =IF(S16+T16=2,5,0) -> 0 | V16: =IF(Q16=5,0,U16) -> 0 | X16: =IF(D16>F16,1,0) -> 1 | Y16: =IF(H16>J16,1,0) -> 1 | Z16: =IF(X16+Y16=2,5,0) -> 5 | AA16: =IF(H16="n",0,Z16) -> 0 | AB16: =IF(Q16=5,0,AA16) -> 0 | AD16: =IF(D16<F16,1,0) -> 0 | AE16: =IF(H16<J16,1,0) -> 0 | AF16: =IF(AD16+AE16=2,5,0) -> 0 | AG16: =IF(Q16=5,0,AF16) -> 0
A18: =TABELA!A18 -> 46206 | B18: =TABELA!B18 -> 0 | C18: =TABELA!C18 -> Suíça | D18: 2 | E18: x | F18: 1 | G18: =TABELA!G18 -> Argélia | H18: =TABELA!D18 -> n | I18: x | J18: =TABELA!F18 -> d | K18: =O18+P18+U18+AA18+AF18 -> 0 | L18: C | O18: =IF(D18=H18,2,0) -> 0 | P18: =IF(F18=J18,2,0) -> 0 | Q18: =IF(O18+P18=4,5,0) -> 0 | S18: =IF(D18=F18,1,0) -> 0 | T18: =IF(H18=J18,1,0) -> 0 | U18: =IF(S18+T18=2,5,0) -> 0 | V18: =IF(Q18=5,0,U18) -> 0 | X18: =IF(D18>F18,1,0) -> 1 | Y18: =IF(H18>J18,1,0) -> 1 | Z18: =IF(X18+Y18=2,5,0) -> 5 | AA18: =IF(H18="n",0,Z18) -> 0 | AB18: =IF(Q18=5,0,AA18) -> 0 | AD18: =IF(D18<F18,1,0) -> 0 | AE18: =IF(H18<J18,1,0) -> 0 | AF18: =IF(AD18+AE18=2,5,0) -> 0 | AG18: =IF(Q18=5,0,AF18) -> 0
A20: =TABELA!A20 -> 46206 | B20: =TABELA!B20 -> 0.625 | C20: =TABELA!C20 -> Austrália | D20: 2 | E20: x | F20: 2 | G20: =TABELA!G20 -> Egito | H20: =TABELA!D20 -> n | I20: x | J20: =TABELA!F20 -> d | K20: =O20+P20+U20+AA20+AF20 -> 0 | O20: =IF(D20=H20,2,0) -> 0 | P20: =IF(F20=J20,2,0) -> 0 | Q20: =IF(O20+P20=4,5,0) -> 0 | S20: =IF(D20=F20,1,0) -> 1 | T20: =IF(H20=J20,1,0) -> 0 | U20: =IF(S20+T20=2,5,0) -> 0 | V20: =IF(Q20=5,0,U20) -> 0 | X20: =IF(D20>F20,1,0) -> 0 | Y20: =IF(H20>J20,1,0) -> 1 | Z20: =IF(X20+Y20=2,5,0) -> 0 | AA20: =IF(H20="n",0,Z20) -> 0 | AB20: =IF(Q20=5,0,AA20) -> 0 | AD20: =IF(D20<F20,1,0) -> 0 | AE20: =IF(H20<J20,1,0) -> 0 | AF20: =IF(AD20+AE20=2,5,0) -> 0 | AG20: =IF(Q20=5,0,AF20) -> 0
A22: =TABELA!A22 -> 46206 | B22: =TABELA!B22 -> 0.79166667 | C22: =TABELA!C22 -> Argentina | D22: 3 | E22: x | F22: 0 | G22: =TABELA!G22 -> Cabo Verde | H22: =TABELA!D22 -> n | I22: x | J22: =TABELA!F22 -> d | K22: =O22+P22+U22+AA22+AF22 -> 0 | O22: =IF(D22=H22,2,0) -> 0 | P22: =IF(F22=J22,2,0) -> 0 | Q22: =IF(O22+P22=4,5,0) -> 0 | S22: =IF(D22=F22,1,0) -> 0 | T22: =IF(H22=J22,1,0) -> 0 | U22: =IF(S22+T22=2,5,0) -> 0 | V22: =IF(Q22=5,0,U22) -> 0 | X22: =IF(D22>F22,1,0) -> 1 | Y22: =IF(H22>J22,1,0) -> 1 | Z22: =IF(X22+Y22=2,5,0) -> 5 | AA22: =IF(H22="n",0,Z22) -> 0 | AB22: =IF(Q22=5,0,AA22) -> 0 | AD22: =IF(D22<F22,1,0) -> 0 | AE22: =IF(H22<J22,1,0) -> 0 | AF22: =IF(AD22+AE22=2,5,0) -> 0 | AG22: =IF(Q22=5,0,AF22) -> 0
A24: =TABELA!A24 -> 46206 | B24: =TABELA!B24 -> 0.9375 | C24: Colômbia | D24: 2 | E24: x | F24: 1 | G24: Gana | H24: =TABELA!D24 -> n | I24: x | J24: =TABELA!F24 -> d | K24: =O24+P24+U24+AA24+AF24 -> 0 | O24: =IF(D24=H24,2,0) -> 0 | P24: =IF(F24=J24,2,0) -> 0 | Q24: =IF(O24+P24=4,5,0) -> 0 | S24: =IF(D24=F24,1,0) -> 0 | T24: =IF(H24=J24,1,0) -> 0 | U24: =IF(S24+T24=2,5,0) -> 0 | V24: =IF(Q24=5,0,U24) -> 0 | X24: =IF(D24>F24,1,0) -> 1 | Y24: =IF(H24>J24,1,0) -> 1 | Z24: =IF(X24+Y24=2,5,0) -> 5 | AA24: =IF(H24="n",0,Z24) -> 0 | AB24: =IF(Q24=5,0,AA24) -> 0 | AD24: =IF(D24<F24,1,0) -> 0 | AE24: =IF(H24<J24,1,0) -> 0 | AF24: =IF(AD24+AE24=2,5,0) -> 0 | AG24: =IF(Q24=5,0,AF24) -> 0
A26: 46207 | B26: 0.58333333 | E26: x | H26: n | I26: x | J26: d | K26: =O26+P26+U26+AA26+AF26 -> 0 | O26: =IF(D26=H26,2,0) -> 0 | P26: =IF(F26=J26,2,0) -> 0 | Q26: =IF(O26+P26=4,5,0) -> 0 | S26: =IF(D26=F26,1,0) -> 1 | T26: =IF(H26=J26,1,0) -> 0 | U26: =IF(S26+T26=2,5,0) -> 0 | V26: =IF(Q26=5,0,U26) -> 0 | X26: =IF(D26>F26,1,0) -> 0 | Y26: =IF(H26>J26,1,0) -> 1 | Z26: =IF(X26+Y26=2,5,0) -> 0 | AA26: =IF(H26="n",0,Z26) -> 0 | AB26: =IF(Q26=5,0,AA26) -> 0 | AD26: =IF(D26<F26,1,0) -> 0 | AE26: =IF(H26<J26,1,0) -> 0 | AF26: =IF(AD26+AE26=2,5,0) -> 0 | AG26: =IF(Q26=5,0,AF26) -> 0
A28: 46207 | B28: 0.75 | E28: x | H28: n | I28: x | J28: d | K28: =O28+P28+U28+AA28+AF28 -> 0 | O28: =IF(D28=H28,2,0) -> 0 | P28: =IF(F28=J28,2,0) -> 0 | Q28: =IF(O28+P28=4,5,0) -> 0 | S28: =IF(D28=F28,1,0) -> 1 | T28: =IF(H28=J28,1,0) -> 0 | U28: =IF(S28+T28=2,5,0) -> 0 | V28: =IF(Q28=5,0,U28) -> 0 | X28: =IF(D28>F28,1,0) -> 0 | Y28: =IF(H28>J28,1,0) -> 1 | Z28: =IF(X28+Y28=2,5,0) -> 0 | AA28: =IF(H28="n",0,Z28) -> 0 | AB28: =IF(Q28=5,0,AA28) -> 0 | AD28: =IF(D28<F28,1,0) -> 0 | AE28: =IF(H28<J28,1,0) -> 0 | AF28: =IF(AD28+AE28=2,5,0) -> 0 | AG28: =IF(Q28=5,0,AF28) -> 0
A31: 46208 | B31: 0.70833333 | E31: x | H31: n | I31: x | J31: d | K31: =O31+P31+U31+AA31+AF31 -> 0 | L31: D | O31: =IF(D31=H31,2,0) -> 0 | P31: =IF(F31=J31,2,0) -> 0 | Q31: =IF(O31+P31=4,5,0) -> 0 | S31: =IF(D31=F31,1,0) -> 1 | T31: =IF(H31=J31,1,0) -> 0 | U31: =IF(S31+T31=2,5,0) -> 0 | V31: =IF(Q31=5,0,U31) -> 0 | X31: =IF(D31>F31,1,0) -> 0 | Y31: =IF(H31>J31,1,0) -> 1 | Z31: =IF(X31+Y31=2,5,0) -> 0 | AA31: =IF(H31="n",0,Z31) -> 0 | AB31: =IF(Q31=5,0,AA31) -> 0 | AD31: =IF(D31<F31,1,0) -> 0 | AE31: =IF(H31<J31,1,0) -> 0 | AF31: =IF(AD31+AE31=2,5,0) -> 0 | AG31: =IF(Q31=5,0,AF31) -> 0
A33: 46208 | B33: 0.875 | E33: x | H33: n | I33: x | J33: d | K33: =O33+P33+U33+AA33+AF33 -> 0 | O33: =IF(D33=H33,2,0) -> 0 | P33: =IF(F33=J33,2,0) -> 0 | Q33: =IF(O33+P33=4,5,0) -> 0 | S33: =IF(D33=F33,1,0) -> 1 | T33: =IF(H33=J33,1,0) -> 0 | U33: =IF(S33+T33=2,5,0) -> 0 | V33: =IF(Q33=5,0,U33) -> 0 | X33: =IF(D33>F33,1,0) -> 0 | Y33: =IF(H33>J33,1,0) -> 1 | Z33: =IF(X33+Y33=2,5,0) -> 0 | AA33: =IF(H33="n",0,Z33) -> 0 | AB33: =IF(Q33=5,0,AA33) -> 0 | AD33: =IF(D33<F33,1,0) -> 0 | AE33: =IF(H33<J33,1,0) -> 0 | AF33: =IF(AD33+AE33=2,5,0) -> 0 | AG33: =IF(Q33=5,0,AF33) -> 0
A35: 46209 | B35: 0.66666667 | E35: x | H35: n | I35: x | J35: d | K35: =O35+P35+U35+AA35+AF35 -> 0 | O35: =IF(D35=H35,2,0) -> 0 | P35: =IF(F35=J35,2,0) -> 0 | Q35: =IF(O35+P35=4,5,0) -> 0 | S35: =IF(D35=F35,1,0) -> 1 | T35: =IF(H35=J35,1,0) -> 0 | U35: =IF(S35+T35=2,5,0) -> 0 | V35: =IF(Q35=5,0,U35) -> 0 | X35: =IF(D35>F35,1,0) -> 0 | Y35: =IF(H35>J35,1,0) -> 1 | Z35: =IF(X35+Y35=2,5,0) -> 0 | AA35: =IF(H35="n",0,Z35) -> 0 | AB35: =IF(Q35=5,0,AA35) -> 0 | AD35: =IF(D35<F35,1,0) -> 0 | AE35: =IF(H35<J35,1,0) -> 0 | AF35: =IF(AD35+AE35=2,5,0) -> 0 | AG35: =IF(Q35=5,0,AF35) -> 0
A37: 46209 | B37: 0.875 | E37: x | H37: n | I37: x | J37: d | K37: =O37+P37+U37+AA37+AF37 -> 0 | O37: =IF(D37=H37,2,0) -> 0 | P37: =IF(F37=J37,2,0) -> 0 | Q37: =IF(O37+P37=4,5,0) -> 0 | S37: =IF(D37=F37,1,0) -> 1 | T37: =IF(H37=J37,1,0) -> 0 | U37: =IF(S37+T37=2,5,0) -> 0 | V37: =IF(Q37=5,0,U37) -> 0 | X37: =IF(D37>F37,1,0) -> 0 | Y37: =IF(H37>J37,1,0) -> 1 | Z37: =IF(X37+Y37=2,5,0) -> 0 | AA37: =IF(H37="n",0,Z37) -> 0 | AB37: =IF(Q37=5,0,AA37) -> 0 | AD37: =IF(D37<F37,1,0) -> 0 | AE37: =IF(H37<J37,1,0) -> 0 | AF37: =IF(AD37+AE37=2,5,0) -> 0 | AG37: =IF(Q37=5,0,AF37) -> 0
A39: 46210 | B39: 0.54166667 | E39: x | H39: n | I39: x | J39: d | K39: =O39+P39+U39+AA39+AF39 -> 0 | O39: =IF(D39=H39,2,0) -> 0 | P39: =IF(F39=J39,2,0) -> 0 | Q39: =IF(O39+P39=4,5,0) -> 0 | S39: =IF(D39=F39,1,0) -> 1 | T39: =IF(H39=J39,1,0) -> 0 | U39: =IF(S39+T39=2,5,0) -> 0 | V39: =IF(Q39=5,0,U39) -> 0 | X39: =IF(D39>F39,1,0) -> 0 | Y39: =IF(H39>J39,1,0) -> 1 | Z39: =IF(X39+Y39=2,5,0) -> 0 | AA39: =IF(H39="n",0,Z39) -> 0 | AB39: =IF(Q39=5,0,AA39) -> 0 | AD39: =IF(D39<F39,1,0) -> 0 | AE39: =IF(H39<J39,1,0) -> 0 | AF39: =IF(AD39+AE39=2,5,0) -> 0 | AG39: =IF(Q39=5,0,AF39) -> 0
A41: 46210 | B41: 0.70833333 | E41: x | H41: n | I41: x | J41: d | K41: =O41+P41+U41+AA41+AF41 -> 0 | O41: =IF(D41=H41,2,0) -> 0 | P41: =IF(F41=J41,2,0) -> 0 | Q41: =IF(O41+P41=4,5,0) -> 0 | S41: =IF(D41=F41,1,0) -> 1 | T41: =IF(H41=J41,1,0) -> 0 | U41: =IF(S41+T41=2,5,0) -> 0 | V41: =IF(Q41=5,0,U41) -> 0 | X41: =IF(D41>F41,1,0) -> 0 | Y41: =IF(H41>J41,1,0) -> 1 | Z41: =IF(X41+Y41=2,5,0) -> 0 | AA41: =IF(H41="n",0,Z41) -> 0 | AB41: =IF(Q41=5,0,AA41) -> 0 | AD41: =IF(D41<F41,1,0) -> 0 | AE41: =IF(H41<J41,1,0) -> 0 | AF41: =IF(AD41+AE41=2,5,0) -> 0 | AG41: =IF(Q41=5,0,AF41) -> 0
A44: 46212 | B44: 0.70833333 | E44: x | H44: n | I44: x | J44: d | K44: =O44+P44+U44+AA44+AF44 -> 0 | L44: E | O44: =IF(D44=H44,2,0) -> 0 | P44: =IF(F44=J44,2,0) -> 0 | Q44: =IF(O44+P44=4,5,0) -> 0 | S44: =IF(D44=F44,1,0) -> 1 | T44: =IF(H44=J44,1,0) -> 0 | U44: =IF(S44+T44=2,5,0) -> 0 | V44: =IF(Q44=5,0,U44) -> 0 | X44: =IF(D44>F44,1,0) -> 0 | Y44: =IF(H44>J44,1,0) -> 1 | Z44: =IF(X44+Y44=2,5,0) -> 0 | AA44: =IF(H44="n",0,Z44) -> 0 | AB44: =IF(Q44=5,0,AA44) -> 0 | AD44: =IF(D44<F44,1,0) -> 0 | AE44: =IF(H44<J44,1,0) -> 0 | AF44: =IF(AD44+AE44=2,5,0) -> 0 | AG44: =IF(Q44=5,0,AF44) -> 0
A46: 46213 | B46: 0.66666667 | E46: x | H46: n | I46: x | J46: d | K46: =O46+P46+U46+AA46+AF46 -> 0 | O46: =IF(D46=H46,2,0) -> 0 | P46: =IF(F46=J46,2,0) -> 0 | Q46: =IF(O46+P46=4,5,0) -> 0 | S46: =IF(D46=F46,1,0) -> 1 | T46: =IF(H46=J46,1,0) -> 0 | U46: =IF(S46+T46=2,5,0) -> 0 | V46: =IF(Q46=5,0,U46) -> 0 | X46: =IF(D46>F46,1,0) -> 0 | Y46: =IF(H46>J46,1,0) -> 1 | Z46: =IF(X46+Y46=2,5,0) -> 0 | AA46: =IF(H46="n",0,Z46) -> 0 | AB46: =IF(Q46=5,0,AA46) -> 0 | AD46: =IF(D46<F46,1,0) -> 0 | AE46: =IF(H46<J46,1,0) -> 0 | AF46: =IF(AD46+AE46=2,5,0) -> 0 | AG46: =IF(Q46=5,0,AF46) -> 0
A48: 46214 | B48: 0.75 | E48: x | H48: n | I48: x | J48: d | K48: =O48+P48+U48+AA48+AF48 -> 0 | O48: =IF(D48=H48,2,0) -> 0 | P48: =IF(F48=J48,2,0) -> 0 | Q48: =IF(O48+P48=4,5,0) -> 0 | S48: =IF(D48=F48,1,0) -> 1 | T48: =IF(H48=J48,1,0) -> 0 | U48: =IF(S48+T48=2,5,0) -> 0 | V48: =IF(Q48=5,0,U48) -> 0 | X48: =IF(D48>F48,1,0) -> 0 | Y48: =IF(H48>J48,1,0) -> 1 | Z48: =IF(X48+Y48=2,5,0) -> 0 | AA48: =IF(H48="n",0,Z48) -> 0 | AB48: =IF(Q48=5,0,AA48) -> 0 | AD48: =IF(D48<F48,1,0) -> 0 | AE48: =IF(H48<J48,1,0) -> 0 | AF48: =IF(AD48+AE48=2,5,0) -> 0 | AG48: =IF(Q48=5,0,AF48) -> 0
A50: 46214 | B50: 0.91666667 | E50: x | H50: n | I50: x | J50: d | K50: =O50+P50+U50+AA50+AF50 -> 0 | O50: =IF(D50=H50,2,0) -> 0 | P50: =IF(F50=J50,2,0) -> 0 | Q50: =IF(O50+P50=4,5,0) -> 0 | S50: =IF(D50=F50,1,0) -> 1 | T50: =IF(H50=J50,1,0) -> 0 | U50: =IF(S50+T50=2,5,0) -> 0 | V50: =IF(Q50=5,0,U50) -> 0 | X50: =IF(D50>F50,1,0) -> 0 | Y50: =IF(H50>J50,1,0) -> 1 | Z50: =IF(X50+Y50=2,5,0) -> 0 | AA50: =IF(H50="n",0,Z50) -> 0 | AB50: =IF(Q50=5,0,AA50) -> 0 | AD50: =IF(D50<F50,1,0) -> 0 | AE50: =IF(H50<J50,1,0) -> 0 | AF50: =IF(AD50+AE50=2,5,0) -> 0 | AG50: =IF(Q50=5,0,AF50) -> 0
A52: 46217 | B52: 0.66666667 | E52: x | H52: n | I52: x | J52: d | K52: =O52+P52+U52+AA52+AF52 -> 0 | O52: =IF(D52=H52,2,0) -> 0 | P52: =IF(F52=J52,2,0) -> 0 | Q52: =IF(O52+P52=4,5,0) -> 0 | S52: =IF(D52=F52,1,0) -> 1 | T52: =IF(H52=J52,1,0) -> 0 | U52: =IF(S52+T52=2,5,0) -> 0 | V52: =IF(Q52=5,0,U52) -> 0 | X52: =IF(D52>F52,1,0) -> 0 | Y52: =IF(H52>J52,1,0) -> 1 | Z52: =IF(X52+Y52=2,5,0) -> 0 | AA52: =IF(H52="n",0,Z52) -> 0 | AB52: =IF(Q52=5,0,AA52) -> 0 | AD52: =IF(D52<F52,1,0) -> 0 | AE52: =IF(H52<J52,1,0) -> 0 | AF52: =IF(AD52+AE52=2,5,0) -> 0 | AG52: =IF(Q52=5,0,AF52) -> 0
A54: 46218 | B54: 0.66666667 | E54: x | H54: n | I54: x | J54: d | K54: =O54+P54+U54+AA54+AF54 -> 0 | O54: =IF(D54=H54,2,0) -> 0 | P54: =IF(F54=J54,2,0) -> 0 | Q54: =IF(O54+P54=4,5,0) -> 0 | S54: =IF(D54=F54,1,0) -> 1 | T54: =IF(H54=J54,1,0) -> 0 | U54: =IF(S54+T54=2,5,0) -> 0 | V54: =IF(Q54=5,0,U54) -> 0 | X54: =IF(D54>F54,1,0) -> 0 | Y54: =IF(H54>J54,1,0) -> 1 | Z54: =IF(X54+Y54=2,5,0) -> 0 | AA54: =IF(H54="n",0,Z54) -> 0 | AB54: =IF(Q54=5,0,AA54) -> 0 | AD54: =IF(D54<F54,1,0) -> 0 | AE54: =IF(H54<J54,1,0) -> 0 | AF54: =IF(AD54+AE54=2,5,0) -> 0 | AG54: =IF(Q54=5,0,AF54) -> 0
A57: 46221 | B57: 0.75 | E57: x | H57: n | I57: x | J57: d | K57: =O57+P57+U57+AA57+AF57 -> 0 | L57: F | O57: =IF(D57=H57,2,0) -> 0 | P57: =IF(F57=J57,2,0) -> 0 | Q57: =IF(O57+P57=4,5,0) -> 0 | S57: =IF(D57=F57,1,0) -> 1 | T57: =IF(H57=J57,1,0) -> 0 | U57: =IF(S57+T57=2,5,0) -> 0 | V57: =IF(Q57=5,0,U57) -> 0 | X57: =IF(D57>F57,1,0) -> 0 | Y57: =IF(H57>J57,1,0) -> 1 | Z57: =IF(X57+Y57=2,5,0) -> 0 | AA57: =IF(H57="n",0,Z57) -> 0 | AB57: =IF(Q57=5,0,AA57) -> 0 | AD57: =IF(D57<F57,1,0) -> 0 | AE57: =IF(H57<J57,1,0) -> 0 | AF57: =IF(AD57+AE57=2,5,0) -> 0 | AG57: =IF(Q57=5,0,AF57) -> 0
A59: 46222 | B59: 0.66666667 | E59: x | H59: n | I59: x | J59: d | K59: =O59+P59+U59+AA59+AF59 -> 0 | O59: =IF(D59=H59,2,0) -> 0 | P59: =IF(F59=J59,2,0) -> 0 | Q59: =IF(O59+P59=4,5,0) -> 0 | S59: =IF(D59=F59,1,0) -> 1 | T59: =IF(H59=J59,1,0) -> 0 | U59: =IF(S59+T59=2,5,0) -> 0 | V59: =IF(Q59=5,0,U59) -> 0 | X59: =IF(D59>F59,1,0) -> 0 | Y59: =IF(H59>J59,1,0) -> 1 | Z59: =IF(X59+Y59=2,5,0) -> 0 | AA59: =IF(H59="n",0,Z59) -> 0 | AB59: =IF(Q59=5,0,AA59) -> 0 | AD59: =IF(D59<F59,1,0) -> 0 | AE59: =IF(H59<J59,1,0) -> 0 | AF59: =IF(AD59+AE59=2,5,0) -> 0 | AG59: =IF(Q59=5,0,AF59) -> 0
E61: x | H61: n | I61: x | J61: d | K61: =O61+P61+U61+AA61+AF61 -> 0 | O61: =IF(D61=H61,2,0) -> 0 | P61: =IF(F61=J61,2,0) -> 0 | Q61: =IF(O61+P61=4,5,0) -> 0 | S61: =IF(D61=F61,1,0) -> 1 | T61: =IF(H61=J61,1,0) -> 0 | U61: =IF(S61+T61=2,5,0) -> 0 | V61: =IF(Q61=5,0,U61) -> 0 | X61: =IF(D61>F61,1,0) -> 0 | Y61: =IF(H61>J61,1,0) -> 1 | Z61: =IF(X61+Y61=2,5,0) -> 0 | AA61: =IF(H61="n",0,Z61) -> 0 | AB61: =IF(Q61=5,0,AA61) -> 0 | AD61: =IF(D61<F61,1,0) -> 0 | AE61: =IF(H61<J61,1,0) -> 0 | AF61: =IF(AD61+AE61=2,5,0) -> 0 | AG61: =IF(Q61=5,0,AF61) -> 0
E63: x | H63: n | I63: x | J63: d | K63: =O63+P63+U63+AA63+AF63 -> 0 | O63: =IF(D63=H63,2,0) -> 0 | P63: =IF(F63=J63,2,0) -> 0 | Q63: =IF(O63+P63=4,5,0) -> 0 | S63: =IF(D63=F63,1,0) -> 1 | T63: =IF(H63=J63,1,0) -> 0 | U63: =IF(S63+T63=2,5,0) -> 0 | V63: =IF(Q63=5,0,U63) -> 0 | X63: =IF(D63>F63,1,0) -> 0 | Y63: =IF(H63>J63,1,0) -> 1 | Z63: =IF(X63+Y63=2,5,0) -> 0 | AA63: =IF(H63="n",0,Z63) -> 0 | AB63: =IF(Q63=5,0,AA63) -> 0 | AD63: =IF(D63<F63,1,0) -> 0 | AE63: =IF(H63<J63,1,0) -> 0 | AF63: =IF(AD63+AE63=2,5,0) -> 0 | AG63: =IF(Q63=5,0,AF63) -> 0
E65: x | H65: n | I65: x | J65: d | K65: =O65+P65+U65+AA65+AF65 -> 0 | O65: =IF(D65=H65,2,0) -> 0 | P65: =IF(F65=J65,2,0) -> 0 | Q65: =IF(O65+P65=4,5,0) -> 0 | S65: =IF(D65=F65,1,0) -> 1 | T65: =IF(H65=J65,1,0) -> 0 | U65: =IF(S65+T65=2,5,0) -> 0 | V65: =IF(Q65=5,0,U65) -> 0 | X65: =IF(D65>F65,1,0) -> 0 | Y65: =IF(H65>J65,1,0) -> 1 | Z65: =IF(X65+Y65=2,5,0) -> 0 | AA65: =IF(H65="n",0,Z65) -> 0 | AB65: =IF(Q65=5,0,AA65) -> 0 | AD65: =IF(D65<F65,1,0) -> 0 | AE65: =IF(H65<J65,1,0) -> 0 | AF65: =IF(AD65+AE65=2,5,0) -> 0 | AG65: =IF(Q65=5,0,AF65) -> 0
E67: x | H67: n | I67: x | J67: d | K67: =O67+P67+U67+AA67+AF67 -> 0 | O67: =IF(D67=H67,2,0) -> 0 | P67: =IF(F67=J67,2,0) -> 0 | Q67: =IF(O67+P67=4,5,0) -> 0 | S67: =IF(D67=F67,1,0) -> 1 | T67: =IF(H67=J67,1,0) -> 0 | U67: =IF(S67+T67=2,5,0) -> 0 | V67: =IF(Q67=5,0,U67) -> 0 | X67: =IF(D67>F67,1,0) -> 0 | Y67: =IF(H67>J67,1,0) -> 1 | Z67: =IF(X67+Y67=2,5,0) -> 0 | AA67: =IF(H67="n",0,Z67) -> 0 | AB67: =IF(Q67=5,0,AA67) -> 0 | AD67: =IF(D67<F67,1,0) -> 0 | AE67: =IF(H67<J67,1,0) -> 0 | AF67: =IF(AD67+AE67=2,5,0) -> 0 | AG67: =IF(Q67=5,0,AF67) -> 0
E70: x | H70: n | I70: x | J70: d | K70: =O70+P70+U70+AA70+AF70 -> 0 | L70: G | O70: =IF(D70=H70,2,0) -> 0 | P70: =IF(F70=J70,2,0) -> 0 | Q70: =IF(O70+P70=4,5,0) -> 0 | S70: =IF(D70=F70,1,0) -> 1 | T70: =IF(H70=J70,1,0) -> 0 | U70: =IF(S70+T70=2,5,0) -> 0 | V70: =IF(Q70=5,0,U70) -> 0 | X70: =IF(D70>F70,1,0) -> 0 | Y70: =IF(H70>J70,1,0) -> 1 | Z70: =IF(X70+Y70=2,5,0) -> 0 | AA70: =IF(H70="n",0,Z70) -> 0 | AB70: =IF(Q70=5,0,AA70) -> 0 | AD70: =IF(D70<F70,1,0) -> 0 | AE70: =IF(H70<J70,1,0) -> 0 | AF70: =IF(AD70+AE70=2,5,0) -> 0 | AG70: =IF(Q70=5,0,AF70) -> 0
E71: x | H71: n | I71: x | J71: d | K71: =O71+P71+U71+AA71+AF71 -> 0 | O71: =IF(D71=H71,2,0) -> 0 | P71: =IF(F71=J71,2,0) -> 0 | Q71: =IF(O71+P71=4,5,0) -> 0 | S71: =IF(D71=F71,1,0) -> 1 | T71: =IF(H71=J71,1,0) -> 0 | U71: =IF(S71+T71=2,5,0) -> 0 | V71: =IF(Q71=5,0,U71) -> 0 | X71: =IF(D71>F71,1,0) -> 0 | Y71: =IF(H71>J71,1,0) -> 1 | Z71: =IF(X71+Y71=2,5,0) -> 0 | AA71: =IF(H71="n",0,Z71) -> 0 | AB71: =IF(Q71=5,0,AA71) -> 0 | AD71: =IF(D71<F71,1,0) -> 0 | AE71: =IF(H71<J71,1,0) -> 0 | AF71: =IF(AD71+AE71=2,5,0) -> 0 | AG71: =IF(Q71=5,0,AF71) -> 0
E72: x | H72: n | I72: x | J72: d | K72: =O72+P72+U72+AA72+AF72 -> 0 | O72: =IF(D72=H72,2,0) -> 0 | P72: =IF(F72=J72,2,0) -> 0 | Q72: =IF(O72+P72=4,5,0) -> 0 | S72: =IF(D72=F72,1,0) -> 1 | T72: =IF(H72=J72,1,0) -> 0 | U72: =IF(S72+T72=2,5,0) -> 0 | V72: =IF(Q72=5,0,U72) -> 0 | X72: =IF(D72>F72,1,0) -> 0 | Y72: =IF(H72>J72,1,0) -> 1 | Z72: =IF(X72+Y72=2,5,0) -> 0 | AA72: =IF(H72="n",0,Z72) -> 0 | AB72: =IF(Q72=5,0,AA72) -> 0 | AD72: =IF(D72<F72,1,0) -> 0 | AE72: =IF(H72<J72,1,0) -> 0 | AF72: =IF(AD72+AE72=2,5,0) -> 0 | AG72: =IF(Q72=5,0,AF72) -> 0
E73: x | H73: n | I73: x | J73: d | K73: =O73+P73+U73+AA73+AF73 -> 0 | O73: =IF(D73=H73,2,0) -> 0 | P73: =IF(F73=J73,2,0) -> 0 | Q73: =IF(O73+P73=4,5,0) -> 0 | S73: =IF(D73=F73,1,0) -> 1 | T73: =IF(H73=J73,1,0) -> 0 | U73: =IF(S73+T73=2,5,0) -> 0 | V73: =IF(Q73=5,0,U73) -> 0 | X73: =IF(D73>F73,1,0) -> 0 | Y73: =IF(H73>J73,1,0) -> 1 | Z73: =IF(X73+Y73=2,5,0) -> 0 | AA73: =IF(H73="n",0,Z73) -> 0 | AB73: =IF(Q73=5,0,AA73) -> 0 | AD73: =IF(D73<F73,1,0) -> 0 | AE73: =IF(H73<J73,1,0) -> 0 | AF73: =IF(AD73+AE73=2,5,0) -> 0 | AG73: =IF(Q73=5,0,AF73) -> 0
E74: x | H74: n | I74: x | J74: d | K74: =O74+P74+U74+AA74+AF74 -> 0 | O74: =IF(D74=H74,2,0) -> 0 | P74: =IF(F74=J74,2,0) -> 0 | Q74: =IF(O74+P74=4,5,0) -> 0 | S74: =IF(D74=F74,1,0) -> 1 | T74: =IF(H74=J74,1,0) -> 0 | U74: =IF(S74+T74=2,5,0) -> 0 | V74: =IF(Q74=5,0,U74) -> 0 | X74: =IF(D74>F74,1,0) -> 0 | Y74: =IF(H74>J74,1,0) -> 1 | Z74: =IF(X74+Y74=2,5,0) -> 0 | AA74: =IF(H74="n",0,Z74) -> 0 | AB74: =IF(Q74=5,0,AA74) -> 0 | AD74: =IF(D74<F74,1,0) -> 0 | AE74: =IF(H74<J74,1,0) -> 0 | AF74: =IF(AD74+AE74=2,5,0) -> 0 | AG74: =IF(Q74=5,0,AF74) -> 0
E75: x | H75: n | I75: x | J75: d | K75: =O75+P75+U75+AA75+AF75 -> 0 | O75: =IF(D75=H75,2,0) -> 0 | P75: =IF(F75=J75,2,0) -> 0 | Q75: =IF(O75+P75=4,5,0) -> 0 | S75: =IF(D75=F75,1,0) -> 1 | T75: =IF(H75=J75,1,0) -> 0 | U75: =IF(S75+T75=2,5,0) -> 0 | V75: =IF(Q75=5,0,U75) -> 0 | X75: =IF(D75>F75,1,0) -> 0 | Y75: =IF(H75>J75,1,0) -> 1 | Z75: =IF(X75+Y75=2,5,0) -> 0 | AA75: =IF(H75="n",0,Z75) -> 0 | AB75: =IF(Q75=5,0,AA75) -> 0 | AD75: =IF(D75<F75,1,0) -> 0 | AE75: =IF(H75<J75,1,0) -> 0 | AF75: =IF(AD75+AE75=2,5,0) -> 0 | AG75: =IF(Q75=5,0,AF75) -> 0
E77: x | H77: n | I77: x | J77: d | K77: =O77+P77+U77+AA77+AF77 -> 0 | L77: H | O77: =IF(D77=H77,2,0) -> 0 | P77: =IF(F77=J77,2,0) -> 0 | Q77: =IF(O77+P77=4,5,0) -> 0 | S77: =IF(D77=F77,1,0) -> 1 | T77: =IF(H77=J77,1,0) -> 0 | U77: =IF(S77+T77=2,5,0) -> 0 | V77: =IF(Q77=5,0,U77) -> 0 | X77: =IF(D77>F77,1,0) -> 0 | Y77: =IF(H77>J77,1,0) -> 1 | Z77: =IF(X77+Y77=2,5,0) -> 0 | AA77: =IF(H77="n",0,Z77) -> 0 | AB77: =IF(Q77=5,0,AA77) -> 0 | AD77: =IF(D77<F77,1,0) -> 0 | AE77: =IF(H77<J77,1,0) -> 0 | AF77: =IF(AD77+AE77=2,5,0) -> 0 | AG77: =IF(Q77=5,0,AF77) -> 0
E78: x | H78: n | I78: x | J78: d | K78: =O78+P78+U78+AA78+AF78 -> 0 | O78: =IF(D78=H78,2,0) -> 0 | P78: =IF(F78=J78,2,0) -> 0 | Q78: =IF(O78+P78=4,5,0) -> 0 | S78: =IF(D78=F78,1,0) -> 1 | T78: =IF(H78=J78,1,0) -> 0 | U78: =IF(S78+T78=2,5,0) -> 0 | V78: =IF(Q78=5,0,U78) -> 0 | X78: =IF(D78>F78,1,0) -> 0 | Y78: =IF(H78>J78,1,0) -> 1 | Z78: =IF(X78+Y78=2,5,0) -> 0 | AA78: =IF(H78="n",0,Z78) -> 0 | AB78: =IF(Q78=5,0,AA78) -> 0 | AD78: =IF(D78<F78,1,0) -> 0 | AE78: =IF(H78<J78,1,0) -> 0 | AF78: =IF(AD78+AE78=2,5,0) -> 0 | AG78: =IF(Q78=5,0,AF78) -> 0
E79: x | H79: n | I79: x | J79: d | K79: =O79+P79+U79+AA79+AF79 -> 0 | O79: =IF(D79=H79,2,0) -> 0 | P79: =IF(F79=J79,2,0) -> 0 | Q79: =IF(O79+P79=4,5,0) -> 0 | S79: =IF(D79=F79,1,0) -> 1 | T79: =IF(H79=J79,1,0) -> 0 | U79: =IF(S79+T79=2,5,0) -> 0 | V79: =IF(Q79=5,0,U79) -> 0 | X79: =IF(D79>F79,1,0) -> 0 | Y79: =IF(H79>J79,1,0) -> 1 | Z79: =IF(X79+Y79=2,5,0) -> 0 | AA79: =IF(H79="n",0,Z79) -> 0 | AB79: =IF(Q79=5,0,AA79) -> 0 | AD79: =IF(D79<F79,1,0) -> 0 | AE79: =IF(H79<J79,1,0) -> 0 | AF79: =IF(AD79+AE79=2,5,0) -> 0 | AG79: =IF(Q79=5,0,AF79) -> 0
E80: x | H80: n | I80: x | J80: d | K80: =O80+P80+U80+AA80+AF80 -> 0 | O80: =IF(D80=H80,2,0) -> 0 | P80: =IF(F80=J80,2,0) -> 0 | Q80: =IF(O80+P80=4,5,0) -> 0 | S80: =IF(D80=F80,1,0) -> 1 | T80: =IF(H80=J80,1,0) -> 0 | U80: =IF(S80+T80=2,5,0) -> 0 | V80: =IF(Q80=5,0,U80) -> 0 | X80: =IF(D80>F80,1,0) -> 0 | Y80: =IF(H80>J80,1,0) -> 1 | Z80: =IF(X80+Y80=2,5,0) -> 0 | AA80: =IF(H80="n",0,Z80) -> 0 | AB80: =IF(Q80=5,0,AA80) -> 0 | AD80: =IF(D80<F80,1,0) -> 0 | AE80: =IF(H80<J80,1,0) -> 0 | AF80: =IF(AD80+AE80=2,5,0) -> 0 | AG80: =IF(Q80=5,0,AF80) -> 0
E81: x | H81: n | I81: x | J81: d | K81: =O81+P81+U81+AA81+AF81 -> 0 | O81: =IF(D81=H81,2,0) -> 0 | P81: =IF(F81=J81,2,0) -> 0 | Q81: =IF(O81+P81=4,5,0) -> 0 | S81: =IF(D81=F81,1,0) -> 1 | T81: =IF(H81=J81,1,0) -> 0 | U81: =IF(S81+T81=2,5,0) -> 0 | V81: =IF(Q81=5,0,U81) -> 0 | X81: =IF(D81>F81,1,0) -> 0 | Y81: =IF(H81>J81,1,0) -> 1 | Z81: =IF(X81+Y81=2,5,0) -> 0 | AA81: =IF(H81="n",0,Z81) -> 0 | AB81: =IF(Q81=5,0,AA81) -> 0 | AD81: =IF(D81<F81,1,0) -> 0 | AE81: =IF(H81<J81,1,0) -> 0 | AF81: =IF(AD81+AE81=2,5,0) -> 0 | AG81: =IF(Q81=5,0,AF81) -> 0
E82: x | H82: n | I82: x | J82: d | K82: =O82+P82+U82+AA82+AF82 -> 0 | O82: =IF(D82=H82,2,0) -> 0 | P82: =IF(F82=J82,2,0) -> 0 | Q82: =IF(O82+P82=4,5,0) -> 0 | S82: =IF(D82=F82,1,0) -> 1 | T82: =IF(H82=J82,1,0) -> 0 | U82: =IF(S82+T82=2,5,0) -> 0 | V82: =IF(Q82=5,0,U82) -> 0 | X82: =IF(D82>F82,1,0) -> 0 | Y82: =IF(H82>J82,1,0) -> 1 | Z82: =IF(X82+Y82=2,5,0) -> 0 | AA82: =IF(H82="n",0,Z82) -> 0 | AB82: =IF(Q82=5,0,AA82) -> 0 | AD82: =IF(D82<F82,1,0) -> 0 | AE82: =IF(H82<J82,1,0) -> 0 | AF82: =IF(AD82+AE82=2,5,0) -> 0 | AG82: =IF(Q82=5,0,AF82) -> 0
E84: x | H84: n | I84: x | J84: d | K84: =O84+P84+U84+AA84+AF84 -> 0 | L84: I | O84: =IF(D84=H84,2,0) -> 0 | P84: =IF(F84=J84,2,0) -> 0 | Q84: =IF(O84+P84=4,5,0) -> 0 | S84: =IF(D84=F84,1,0) -> 1 | T84: =IF(H84=J84,1,0) -> 0 | U84: =IF(S84+T84=2,5,0) -> 0 | V84: =IF(Q84=5,0,U84) -> 0 | X84: =IF(D84>F84,1,0) -> 0 | Y84: =IF(H84>J84,1,0) -> 1 | Z84: =IF(X84+Y84=2,5,0) -> 0 | AA84: =IF(H84="n",0,Z84) -> 0 | AB84: =IF(Q84=5,0,AA84) -> 0 | AD84: =IF(D84<F84,1,0) -> 0 | AE84: =IF(H84<J84,1,0) -> 0 | AF84: =IF(AD84+AE84=2,5,0) -> 0 | AG84: =IF(Q84=5,0,AF84) -> 0
E85: x | H85: n | I85: x | J85: d | K85: =O85+P85+U85+AA85+AF85 -> 0 | O85: =IF(D85=H85,2,0) -> 0 | P85: =IF(F85=J85,2,0) -> 0 | Q85: =IF(O85+P85=4,5,0) -> 0 | S85: =IF(D85=F85,1,0) -> 1 | T85: =IF(H85=J85,1,0) -> 0 | U85: =IF(S85+T85=2,5,0) -> 0 | V85: =IF(Q85=5,0,U85) -> 0 | X85: =IF(D85>F85,1,0) -> 0 | Y85: =IF(H85>J85,1,0) -> 1 | Z85: =IF(X85+Y85=2,5,0) -> 0 | AA85: =IF(H85="n",0,Z85) -> 0 | AB85: =IF(Q85=5,0,AA85) -> 0 | AD85: =IF(D85<F85,1,0) -> 0 | AE85: =IF(H85<J85,1,0) -> 0 | AF85: =IF(AD85+AE85=2,5,0) -> 0 | AG85: =IF(Q85=5,0,AF85) -> 0
E86: x | H86: n | I86: x | J86: d | K86: =O86+P86+U86+AA86+AF86 -> 0 | O86: =IF(D86=H86,2,0) -> 0 | P86: =IF(F86=J86,2,0) -> 0 | Q86: =IF(O86+P86=4,5,0) -> 0 | S86: =IF(D86=F86,1,0) -> 1 | T86: =IF(H86=J86,1,0) -> 0 | U86: =IF(S86+T86=2,5,0) -> 0 | V86: =IF(Q86=5,0,U86) -> 0 | X86: =IF(D86>F86,1,0) -> 0 | Y86: =IF(H86>J86,1,0) -> 1 | Z86: =IF(X86+Y86=2,5,0) -> 0 | AA86: =IF(H86="n",0,Z86) -> 0 | AB86: =IF(Q86=5,0,AA86) -> 0 | AD86: =IF(D86<F86,1,0) -> 0 | AE86: =IF(H86<J86,1,0) -> 0 | AF86: =IF(AD86+AE86=2,5,0) -> 0 | AG86: =IF(Q86=5,0,AF86) -> 0
E87: x | H87: n | I87: x | J87: d | K87: =O87+P87+U87+AA87+AF87 -> 0 | O87: =IF(D87=H87,2,0) -> 0 | P87: =IF(F87=J87,2,0) -> 0 | Q87: =IF(O87+P87=4,5,0) -> 0 | S87: =IF(D87=F87,1,0) -> 1 | T87: =IF(H87=J87,1,0) -> 0 | U87: =IF(S87+T87=2,5,0) -> 0 | V87: =IF(Q87=5,0,U87) -> 0 | X87: =IF(D87>F87,1,0) -> 0 | Y87: =IF(H87>J87,1,0) -> 1 | Z87: =IF(X87+Y87=2,5,0) -> 0 | AA87: =IF(H87="n",0,Z87) -> 0 | AB87: =IF(Q87=5,0,AA87) -> 0 | AD87: =IF(D87<F87,1,0) -> 0 | AE87: =IF(H87<J87,1,0) -> 0 | AF87: =IF(AD87+AE87=2,5,0) -> 0 | AG87: =IF(Q87=5,0,AF87) -> 0
E88: x | H88: n | I88: x | J88: d | K88: =O88+P88+U88+AA88+AF88 -> 0 | O88: =IF(D88=H88,2,0) -> 0 | P88: =IF(F88=J88,2,0) -> 0 | Q88: =IF(O88+P88=4,5,0) -> 0 | S88: =IF(D88=F88,1,0) -> 1 | T88: =IF(H88=J88,1,0) -> 0 | U88: =IF(S88+T88=2,5,0) -> 0 | V88: =IF(Q88=5,0,U88) -> 0 | X88: =IF(D88>F88,1,0) -> 0 | Y88: =IF(H88>J88,1,0) -> 1 | Z88: =IF(X88+Y88=2,5,0) -> 0 | AA88: =IF(H88="n",0,Z88) -> 0 | AB88: =IF(Q88=5,0,AA88) -> 0 | AD88: =IF(D88<F88,1,0) -> 0 | AE88: =IF(H88<J88,1,0) -> 0 | AF88: =IF(AD88+AE88=2,5,0) -> 0 | AG88: =IF(Q88=5,0,AF88) -> 0
E89: x | H89: n | I89: x | J89: d | K89: =O89+P89+U89+AA89+AF89 -> 0 | O89: =IF(D89=H89,2,0) -> 0 | P89: =IF(F89=J89,2,0) -> 0 | Q89: =IF(O89+P89=4,5,0) -> 0 | S89: =IF(D89=F89,1,0) -> 1 | T89: =IF(H89=J89,1,0) -> 0 | U89: =IF(S89+T89=2,5,0) -> 0 | V89: =IF(Q89=5,0,U89) -> 0 | X89: =IF(D89>F89,1,0) -> 0 | Y89: =IF(H89>J89,1,0) -> 1 | Z89: =IF(X89+Y89=2,5,0) -> 0 | AA89: =IF(H89="n",0,Z89) -> 0 | AB89: =IF(Q89=5,0,AA89) -> 0 | AD89: =IF(D89<F89,1,0) -> 0 | AE89: =IF(H89<J89,1,0) -> 0 | AF89: =IF(AD89+AE89=2,5,0) -> 0 | AG89: =IF(Q89=5,0,AF89) -> 0
E91: x | H91: n | I91: x | J91: d | K91: =O91+P91+U91+AA91+AF91 -> 0 | L91: J | O91: =IF(D91=H91,2,0) -> 0 | P91: =IF(F91=J91,2,0) -> 0 | Q91: =IF(O91+P91=4,5,0) -> 0 | S91: =IF(D91=F91,1,0) -> 1 | T91: =IF(H91=J91,1,0) -> 0 | U91: =IF(S91+T91=2,5,0) -> 0 | V91: =IF(Q91=5,0,U91) -> 0 | X91: =IF(D91>F91,1,0) -> 0 | Y91: =IF(H91>J91,1,0) -> 1 | Z91: =IF(X91+Y91=2,5,0) -> 0 | AA91: =IF(H91="n",0,Z91) -> 0 | AB91: =IF(Q91=5,0,AA91) -> 0 | AD91: =IF(D91<F91,1,0) -> 0 | AE91: =IF(H91<J91,1,0) -> 0 | AF91: =IF(AD91+AE91=2,5,0) -> 0 | AG91: =IF(Q91=5,0,AF91) -> 0
E92: x | H92: n | I92: x | J92: d | K92: =O92+P92+U92+AA92+AF92 -> 0 | O92: =IF(D92=H92,2,0) -> 0 | P92: =IF(F92=J92,2,0) -> 0 | Q92: =IF(O92+P92=4,5,0) -> 0 | S92: =IF(D92=F92,1,0) -> 1 | T92: =IF(H92=J92,1,0) -> 0 | U92: =IF(S92+T92=2,5,0) -> 0 | V92: =IF(Q92=5,0,U92) -> 0 | X92: =IF(D92>F92,1,0) -> 0 | Y92: =IF(H92>J92,1,0) -> 1 | Z92: =IF(X92+Y92=2,5,0) -> 0 | AA92: =IF(H92="n",0,Z92) -> 0 | AB92: =IF(Q92=5,0,AA92) -> 0 | AD92: =IF(D92<F92,1,0) -> 0 | AE92: =IF(H92<J92,1,0) -> 0 | AF92: =IF(AD92+AE92=2,5,0) -> 0 | AG92: =IF(Q92=5,0,AF92) -> 0
E93: x | H93: n | I93: x | J93: d | K93: =O93+P93+U93+AA93+AF93 -> 0 | O93: =IF(D93=H93,2,0) -> 0 | P93: =IF(F93=J93,2,0) -> 0 | Q93: =IF(O93+P93=4,5,0) -> 0 | S93: =IF(D93=F93,1,0) -> 1 | T93: =IF(H93=J93,1,0) -> 0 | U93: =IF(S93+T93=2,5,0) -> 0 | V93: =IF(Q93=5,0,U93) -> 0 | X93: =IF(D93>F93,1,0) -> 0 | Y93: =IF(H93>J93,1,0) -> 1 | Z93: =IF(X93+Y93=2,5,0) -> 0 | AA93: =IF(H93="n",0,Z93) -> 0 | AB93: =IF(Q93=5,0,AA93) -> 0 | AD93: =IF(D93<F93,1,0) -> 0 | AE93: =IF(H93<J93,1,0) -> 0 | AF93: =IF(AD93+AE93=2,5,0) -> 0 | AG93: =IF(Q93=5,0,AF93) -> 0
E94: x | H94: n | I94: x | J94: d | K94: =O94+P94+U94+AA94+AF94 -> 0 | O94: =IF(D94=H94,2,0) -> 0 | P94: =IF(F94=J94,2,0) -> 0 | Q94: =IF(O94+P94=4,5,0) -> 0 | S94: =IF(D94=F94,1,0) -> 1 | T94: =IF(H94=J94,1,0) -> 0 | U94: =IF(S94+T94=2,5,0) -> 0 | V94: =IF(Q94=5,0,U94) -> 0 | X94: =IF(D94>F94,1,0) -> 0 | Y94: =IF(H94>J94,1,0) -> 1 | Z94: =IF(X94+Y94=2,5,0) -> 0 | AA94: =IF(H94="n",0,Z94) -> 0 | AB94: =IF(Q94=5,0,AA94) -> 0 | AD94: =IF(D94<F94,1,0) -> 0 | AE94: =IF(H94<J94,1,0) -> 0 | AF94: =IF(AD94+AE94=2,5,0) -> 0 | AG94: =IF(Q94=5,0,AF94) -> 0
E95: x | H95: n | I95: x | J95: d | K95: =O95+P95+U95+AA95+AF95 -> 0 | O95: =IF(D95=H95,2,0) -> 0 | P95: =IF(F95=J95,2,0) -> 0 | Q95: =IF(O95+P95=4,5,0) -> 0 | S95: =IF(D95=F95,1,0) -> 1 | T95: =IF(H95=J95,1,0) -> 0 | U95: =IF(S95+T95=2,5,0) -> 0 | V95: =IF(Q95=5,0,U95) -> 0 | X95: =IF(D95>F95,1,0) -> 0 | Y95: =IF(H95>J95,1,0) -> 1 | Z95: =IF(X95+Y95=2,5,0) -> 0 | AA95: =IF(H95="n",0,Z95) -> 0 | AB95: =IF(Q95=5,0,AA95) -> 0 | AD95: =IF(D95<F95,1,0) -> 0 | AE95: =IF(H95<J95,1,0) -> 0 | AF95: =IF(AD95+AE95=2,5,0) -> 0 | AG95: =IF(Q95=5,0,AF95) -> 0
E96: x | H96: n | I96: x | J96: d | K96: =O96+P96+U96+AA96+AF96 -> 0 | O96: =IF(D96=H96,2,0) -> 0 | P96: =IF(F96=J96,2,0) -> 0 | Q96: =IF(O96+P96=4,5,0) -> 0 | S96: =IF(D96=F96,1,0) -> 1 | T96: =IF(H96=J96,1,0) -> 0 | U96: =IF(S96+T96=2,5,0) -> 0 | V96: =IF(Q96=5,0,U96) -> 0 | X96: =IF(D96>F96,1,0) -> 0 | Y96: =IF(H96>J96,1,0) -> 1 | Z96: =IF(X96+Y96=2,5,0) -> 0 | AA96: =IF(H96="n",0,Z96) -> 0 | AB96: =IF(Q96=5,0,AA96) -> 0 | AD96: =IF(D96<F96,1,0) -> 0 | AE96: =IF(H96<J96,1,0) -> 0 | AF96: =IF(AD96+AE96=2,5,0) -> 0 | AG96: =IF(Q96=5,0,AF96) -> 0
O97: =IF(D97=H97,2,0) -> 2 | T97: =IF(H97=J97,1,0) -> 1 | Y97: =IF(H97>J97,1,0) -> 0 | AE97: =IF(H97<J97,1,0) -> 0
E98: x | H98: n | I98: x | J98: d | K98: =O98+P98+U98+AA98+AF98 -> 0 | L98: K | O98: =IF(D98=H98,2,0) -> 0 | P98: =IF(F98=J98,2,0) -> 0 | Q98: =IF(O98+P98=4,5,0) -> 0 | S98: =IF(D98=F98,1,0) -> 1 | T98: =IF(H98=J98,1,0) -> 0 | U98: =IF(S98+T98=2,5,0) -> 0 | V98: =IF(Q98=5,0,U98) -> 0 | X98: =IF(D98>F98,1,0) -> 0 | Y98: =IF(H98>J98,1,0) -> 1 | Z98: =IF(X98+Y98=2,5,0) -> 0 | AA98: =IF(H98="n",0,Z98) -> 0 | AB98: =IF(Q98=5,0,AA98) -> 0 | AD98: =IF(D98<F98,1,0) -> 0 | AE98: =IF(H98<J98,1,0) -> 0 | AF98: =IF(AD98+AE98=2,5,0) -> 0 | AG98: =IF(Q98=5,0,AF98) -> 0
E99: x | H99: n | I99: x | J99: d | K99: =O99+P99+U99+AA99+AF99 -> 0 | O99: =IF(D99=H99,2,0) -> 0 | P99: =IF(F99=J99,2,0) -> 0 | Q99: =IF(O99+P99=4,5,0) -> 0 | S99: =IF(D99=F99,1,0) -> 1 | T99: =IF(H99=J99,1,0) -> 0 | U99: =IF(S99+T99=2,5,0) -> 0 | V99: =IF(Q99=5,0,U99) -> 0 | X99: =IF(D99>F99,1,0) -> 0 | Y99: =IF(H99>J99,1,0) -> 1 | Z99: =IF(X99+Y99=2,5,0) -> 0 | AA99: =IF(H99="n",0,Z99) -> 0 | AB99: =IF(Q99=5,0,AA99) -> 0 | AD99: =IF(D99<F99,1,0) -> 0 | AE99: =IF(H99<J99,1,0) -> 0 | AF99: =IF(AD99+AE99=2,5,0) -> 0 | AG99: =IF(Q99=5,0,AF99) -> 0
E100: x | H100: n | I100: x | J100: d | K100: =O100+P100+U100+AA100+AF100 -> 0 | O100: =IF(D100=H100,2,0) -> 0 | P100: =IF(F100=J100,2,0) -> 0 | Q100: =IF(O100+P100=4,5,0) -> 0 | S100: =IF(D100=F100,1,0) -> 1 | T100: =IF(H100=J100,1,0) -> 0 | U100: =IF(S100+T100=2,5,0) -> 0 | V100: =IF(Q100=5,0,U100) -> 0 | X100: =IF(D100>F100,1,0) -> 0 | Y100: =IF(H100>J100,1,0) -> 1 | Z100: =IF(X100+Y100=2,5,0) -> 0 | AA100: =IF(H100="n",0,Z100) -> 0 | AB100: =IF(Q100=5,0,AA100) -> 0 | AD100: =IF(D100<F100,1,0) -> 0 | AE100: =IF(H100<J100,1,0) -> 0 | AF100: =IF(AD100+AE100=2,5,0) -> 0 | AG100: =IF(Q100=5,0,AF100) -> 0
E101: x | H101: n | I101: x | J101: d | K101: =O101+P101+U101+AA101+AF101 -> 0 | O101: =IF(D101=H101,2,0) -> 0 | P101: =IF(F101=J101,2,0) -> 0 | Q101: =IF(O101+P101=4,5,0) -> 0 | S101: =IF(D101=F101,1,0) -> 1 | T101: =IF(H101=J101,1,0) -> 0 | U101: =IF(S101+T101=2,5,0) -> 0 | V101: =IF(Q101=5,0,U101) -> 0 | X101: =IF(D101>F101,1,0) -> 0 | Y101: =IF(H101>J101,1,0) -> 1 | Z101: =IF(X101+Y101=2,5,0) -> 0 | AA101: =IF(H101="n",0,Z101) -> 0 | AB101: =IF(Q101=5,0,AA101) -> 0 | AD101: =IF(D101<F101,1,0) -> 0 | AE101: =IF(H101<J101,1,0) -> 0 | AF101: =IF(AD101+AE101=2,5,0) -> 0 | AG101: =IF(Q101=5,0,AF101) -> 0
E102: x | H102: n | I102: x | J102: d | K102: =O102+P102+U102+AA102+AF102 -> 0 | O102: =IF(D102=H102,2,0) -> 0 | P102: =IF(F102=J102,2,0) -> 0 | Q102: =IF(O102+P102=4,5,0) -> 0 | S102: =IF(D102=F102,1,0) -> 1 | T102: =IF(H102=J102,1,0) -> 0 | U102: =IF(S102+T102=2,5,0) -> 0 | V102: =IF(Q102=5,0,U102) -> 0 | X102: =IF(D102>F102,1,0) -> 0 | Y102: =IF(H102>J102,1,0) -> 1 | Z102: =IF(X102+Y102=2,5,0) -> 0 | AA102: =IF(H102="n",0,Z102) -> 0 | AB102: =IF(Q102=5,0,AA102) -> 0 | AD102: =IF(D102<F102,1,0) -> 0 | AE102: =IF(H102<J102,1,0) -> 0 | AF102: =IF(AD102+AE102=2,5,0) -> 0 | AG102: =IF(Q102=5,0,AF102) -> 0
E103: x | H103: n | I103: x | J103: d | K103: =O103+P103+U103+AA103+AF103 -> 0 | O103: =IF(D103=H103,2,0) -> 0 | P103: =IF(F103=J103,2,0) -> 0 | Q103: =IF(O103+P103=4,5,0) -> 0 | S103: =IF(D103=F103,1,0) -> 1 | T103: =IF(H103=J103,1,0) -> 0 | U103: =IF(S103+T103=2,5,0) -> 0 | V103: =IF(Q103=5,0,U103) -> 0 | X103: =IF(D103>F103,1,0) -> 0 | Y103: =IF(H103>J103,1,0) -> 1 | Z103: =IF(X103+Y103=2,5,0) -> 0 | AA103: =IF(H103="n",0,Z103) -> 0 | AB103: =IF(Q103=5,0,AA103) -> 0 | AD103: =IF(D103<F103,1,0) -> 0 | AE103: =IF(H103<J103,1,0) -> 0 | AF103: =IF(AD103+AE103=2,5,0) -> 0 | AG103: =IF(Q103=5,0,AF103) -> 0
P104: =IF(F104=J104,2,0) -> 2 | T104: =IF(H104=J104,1,0) -> 1 | Y104: =IF(H104>J104,1,0) -> 0 | AE104: =IF(H104<J104,1,0) -> 0
E105: x | H105: n | I105: x | J105: d | K105: =O105+P105+U105+AA105+AF105 -> 0 | L105: L | O105: =IF(D105=H105,2,0) -> 0 | P105: =IF(F105=J105,2,0) -> 0 | Q105: =IF(O105+P105=4,5,0) -> 0 | S105: =IF(D105=F105,1,0) -> 1 | T105: =IF(H105=J105,1,0) -> 0 | U105: =IF(S105+T105=2,5,0) -> 0 | V105: =IF(Q105=5,0,U105) -> 0 | X105: =IF(D105>F105,1,0) -> 0 | Y105: =IF(H105>J105,1,0) -> 1 | Z105: =IF(X105+Y105=2,5,0) -> 0 | AA105: =IF(H105="n",0,Z105) -> 0 | AB105: =IF(Q105=5,0,AA105) -> 0 | AD105: =IF(D105<F105,1,0) -> 0 | AE105: =IF(H105<J105,1,0) -> 0 | AF105: =IF(AD105+AE105=2,5,0) -> 0 | AG105: =IF(Q105=5,0,AF105) -> 0
E106: x | H106: n | I106: x | J106: d | K106: =O106+P106+U106+AA106+AF106 -> 0 | O106: =IF(D106=H106,2,0) -> 0 | P106: =IF(F106=J106,2,0) -> 0 | Q106: =IF(O106+P106=4,5,0) -> 0 | S106: =IF(D106=F106,1,0) -> 1 | T106: =IF(H106=J106,1,0) -> 0 | U106: =IF(S106+T106=2,5,0) -> 0 | V106: =IF(Q106=5,0,U106) -> 0 | X106: =IF(D106>F106,1,0) -> 0 | Y106: =IF(H106>J106,1,0) -> 1 | Z106: =IF(X106+Y106=2,5,0) -> 0 | AA106: =IF(H106="n",0,Z106) -> 0 | AB106: =IF(Q106=5,0,AA106) -> 0 | AD106: =IF(D106<F106,1,0) -> 0 | AE106: =IF(H106<J106,1,0) -> 0 | AF106: =IF(AD106+AE106=2,5,0) -> 0 | AG106: =IF(Q106=5,0,AF106) -> 0
E107: x | H107: n | I107: x | J107: d | K107: =O107+P107+U107+AA107+AF107 -> 0 | O107: =IF(D107=H107,2,0) -> 0 | P107: =IF(F107=J107,2,0) -> 0 | Q107: =IF(O107+P107=4,5,0) -> 0 | S107: =IF(D107=F107,1,0) -> 1 | T107: =IF(H107=J107,1,0) -> 0 | U107: =IF(S107+T107=2,5,0) -> 0 | V107: =IF(Q107=5,0,U107) -> 0 | X107: =IF(D107>F107,1,0) -> 0 | Y107: =IF(H107>J107,1,0) -> 1 | Z107: =IF(X107+Y107=2,5,0) -> 0 | AA107: =IF(H107="n",0,Z107) -> 0 | AB107: =IF(Q107=5,0,AA107) -> 0 | AD107: =IF(D107<F107,1,0) -> 0 | AE107: =IF(H107<J107,1,0) -> 0 | AF107: =IF(AD107+AE107=2,5,0) -> 0 | AG107: =IF(Q107=5,0,AF107) -> 0
E108: x | H108: n | I108: x | J108: d | K108: =O108+P108+U108+AA108+AF108 -> 0 | O108: =IF(D108=H108,2,0) -> 0 | P108: =IF(F108=J108,2,0) -> 0 | Q108: =IF(O108+P108=4,5,0) -> 0 | S108: =IF(D108=F108,1,0) -> 1 | T108: =IF(H108=J108,1,0) -> 0 | U108: =IF(S108+T108=2,5,0) -> 0 | V108: =IF(Q108=5,0,U108) -> 0 | X108: =IF(D108>F108,1,0) -> 0 | Y108: =IF(H108>J108,1,0) -> 1 | Z108: =IF(X108+Y108=2,5,0) -> 0 | AA108: =IF(H108="n",0,Z108) -> 0 | AB108: =IF(Q108=5,0,AA108) -> 0 | AD108: =IF(D108<F108,1,0) -> 0 | AE108: =IF(H108<J108,1,0) -> 0 | AF108: =IF(AD108+AE108=2,5,0) -> 0 | AG108: =IF(Q108=5,0,AF108) -> 0
E109: x | H109: n | I109: x | J109: d | K109: =O109+P109+U109+AA109+AF109 -> 0 | O109: =IF(D109=H109,2,0) -> 0 | P109: =IF(F109=J109,2,0) -> 0 | Q109: =IF(O109+P109=4,5,0) -> 0 | S109: =IF(D109=F109,1,0) -> 1 | T109: =IF(H109=J109,1,0) -> 0 | U109: =IF(S109+T109=2,5,0) -> 0 | V109: =IF(Q109=5,0,U109) -> 0 | X109: =IF(D109>F109,1,0) -> 0 | Y109: =IF(H109>J109,1,0) -> 1 | Z109: =IF(X109+Y109=2,5,0) -> 0 | AA109: =IF(H109="n",0,Z109) -> 0 | AB109: =IF(Q109=5,0,AA109) -> 0 | AD109: =IF(D109<F109,1,0) -> 0 | AE109: =IF(H109<J109,1,0) -> 0 | AF109: =IF(AD109+AE109=2,5,0) -> 0 | AG109: =IF(Q109=5,0,AF109) -> 0
E110: x | H110: n | I110: x | J110: d | K110: =O110+P110+U110+AA110+AF110 -> 0 | O110: =IF(D110=H110,2,0) -> 0 | P110: =IF(F110=J110,2,0) -> 0 | Q110: =IF(O110+P110=4,5,0) -> 0 | S110: =IF(D110=F110,1,0) -> 1 | T110: =IF(H110=J110,1,0) -> 0 | U110: =IF(S110+T110=2,5,0) -> 0 | V110: =IF(Q110=5,0,U110) -> 0 | X110: =IF(D110>F110,1,0) -> 0 | Y110: =IF(H110>J110,1,0) -> 1 | Z110: =IF(X110+Y110=2,5,0) -> 0 | AA110: =IF(H110="n",0,Z110) -> 0 | AB110: =IF(Q110=5,0,AA110) -> 0 | AD110: =IF(D110<F110,1,0) -> 0 | AE110: =IF(H110<J110,1,0) -> 0 | AF110: =IF(AD110+AE110=2,5,0) -> 0 | AG110: =IF(Q110=5,0,AF110) -> 0
K111: =SUM(K4:K110) -> 16

Sheet T (5)
A1: Nome | C1: Nelson Mota | S1: empate | X1: vitoria A | AD1: Vitiria B
O2: ok | P2: ok
D3: PARTICIPANTE | H3: OFICIAL | K3: PONTOS
A4: =TABELA!A4 -> 46201 | B4: =TABELA!B4 -> 0.66666667 | C4: =TABELA!C4 -> Africa do Sul | D4: 1 | E4: x | F4: 2 | G4: =TABELA!G4 -> Canadá | H4: =TABELA!D4 -> 0 | I4: x | J4: =TABELA!F4 -> 1 | K4: =O4+P4+U4+AA4+AF4 -> 5 | L4: a | O4: =IF(D4=H4,2,0) -> 0 | P4: =IF(F4=J4,2,0) -> 0 | Q4: =IF(O4+P4=4,5,0) -> 0 | S4: =IF(D4=F4,1,0) -> 0 | T4: =IF(H4=J4,1,0) -> 0 | U4: =IF(S4+T4=2,5,0) -> 0 | V4: =IF(Q4=5,0,U4) -> 0 | X4: =IF(D4>F4,1,0) -> 0 | Y4: =IF(H4>J4,1,0) -> 0 | Z4: =IF(X4+Y4=2,5,0) -> 0 | AA4: =IF(H4="n",0,Z4) -> 0 | AB4: =IF(Q4=5,0,AA4) -> 0 | AD4: =IF(D4<F4,1,0) -> 1 | AE4: =IF(H4<J4,1,0) -> 1 | AF4: =IF(AD4+AE4=2,5,0) -> 5 | AG4: =IF(Q4=5,0,AF4) -> 5
A5: =TABELA!A5 -> 46202 | B5: =TABELA!B5 -> 0.58333333 | C5: =TABELA!C5 -> Brasil | D5: 2 | E5: x | F5: 1 | G5: =TABELA!G5 -> Japão | H5: =TABELA!D5 -> 2 | I5: x | J5: =TABELA!F5 -> 1 | K5: =O5+P5+U5+AA5+AF5 -> 9 | O5: =IF(D5=H5,2,0) -> 2 | P5: =IF(F5=J5,2,0) -> 2 | Q5: =IF(O5+P5=4,5,0) -> 5 | S5: =IF(D5=F5,1,0) -> 0 | T5: =IF(H5=J5,1,0) -> 0 | U5: =IF(S5+T5=2,5,0) -> 0 | V5: =IF(Q5=5,0,U5) -> 0 | X5: =IF(D5>F5,1,0) -> 1 | Y5: =IF(H5>J5,1,0) -> 1 | Z5: =IF(X5+Y5=2,5,0) -> 5 | AA5: =IF(H5="n",0,Z5) -> 5 | AB5: =IF(Q5=5,0,AA5) -> 0 | AD5: =IF(D5<F5,1,0) -> 0 | AE5: =IF(H5<J5,1,0) -> 0 | AF5: =IF(AD5+AE5=2,5,0) -> 0 | AG5: =IF(Q5=5,0,AF5) -> 0
A6: =TABELA!A6 -> 46202 | B6: =TABELA!B6 -> 0.72916667 | C6: =TABELA!C6 -> Alemanha | D6: 4 | E6: x | F6: 0 | G6: =TABELA!G6 -> Paraguai | H6: =TABELA!D6 -> 1 | I6: x | J6: =TABELA!F6 -> 1 | K6: =O6+P6+U6+AA6+AF6 -> 0 | O6: =IF(D6=H6,2,0) -> 0 | P6: =IF(F6=J6,2,0) -> 0 | Q6: =IF(O6+P6=4,5,0) -> 0 | S6: =IF(D6=F6,1,0) -> 0 | T6: =IF(H6=J6,1,0) -> 1 | U6: =IF(S6+T6=2,5,0) -> 0 | V6: =IF(Q6=5,0,U6) -> 0 | X6: =IF(D6>F6,1,0) -> 1 | Y6: =IF(H6>J6,1,0) -> 0 | Z6: =IF(X6+Y6=2,5,0) -> 0 | AA6: =IF(H6="n",0,Z6) -> 0 | AB6: =IF(Q6=5,0,AA6) -> 0 | AD6: =IF(D6<F6,1,0) -> 0 | AE6: =IF(H6<J6,1,0) -> 0 | AF6: =IF(AD6+AE6=2,5,0) -> 0 | AG6: =IF(Q6=5,0,AF6) -> 0
A7: =TABELA!A7 -> 46202 | B7: =TABELA!B7 -> 0.91666667 | C7: =TABELA!C7 -> Holanda | D7: 2 | E7: x | F7: 0 | G7: =TABELA!G7 -> Marrocos | H7: =TABELA!D7 -> 1 | I7: x | J7: =TABELA!F7 -> 1 | K7: =O7+P7+U7+AA7+AF7 -> 0 | O7: =IF(D7=H7,2,0) -> 0 | P7: =IF(F7=J7,2,0) -> 0 | Q7: =IF(O7+P7=4,5,0) -> 0 | S7: =IF(D7=F7,1,0) -> 0 | T7: =IF(H7=J7,1,0) -> 1 | U7: =IF(S7+T7=2,5,0) -> 0 | V7: =IF(Q7=5,0,U7) -> 0 | X7: =IF(D7>F7,1,0) -> 1 | Y7: =IF(H7>J7,1,0) -> 0 | Z7: =IF(X7+Y7=2,5,0) -> 0 | AA7: =IF(H7="n",0,Z7) -> 0 | AB7: =IF(Q7=5,0,AA7) -> 0 | AD7: =IF(D7<F7,1,0) -> 0 | AE7: =IF(H7<J7,1,0) -> 0 | AF7: =IF(AD7+AE7=2,5,0) -> 0 | AG7: =IF(Q7=5,0,AF7) -> 0
A8: =TABELA!A8 -> 46203 | B8: =TABELA!B8 -> 0.58333333 | C8: =TABELA!C8 -> Cost. do Marf. | D8: 2 | E8: x | F8: 1 | G8: =TABELA!G8 -> Noruega | H8: =TABELA!D8 -> n | I8: x | J8: =TABELA!F8 -> d | K8: =O8+P8+U8+AA8+AF8 -> 0 | O8: =IF(D8=H8,2,0) -> 0 | P8: =IF(F8=J8,2,0) -> 0 | Q8: =IF(O8+P8=4,5,0) -> 0 | S8: =IF(D8=F8,1,0) -> 0 | T8: =IF(H8=J8,1,0) -> 0 | U8: =IF(S8+T8=2,5,0) -> 0 | V8: =IF(Q8=5,0,U8) -> 0 | X8: =IF(D8>F8,1,0) -> 1 | Y8: =IF(H8>J8,1,0) -> 1 | Z8: =IF(X8+Y8=2,5,0) -> 5 | AA8: =IF(H8="n",0,Z8) -> 0 | AB8: =IF(Q8=5,0,AA8) -> 0 | AD8: =IF(D8<F8,1,0) -> 0 | AE8: =IF(H8<J8,1,0) -> 0 | AF8: =IF(AD8+AE8=2,5,0) -> 0 | AG8: =IF(Q8=5,0,AF8) -> 0
A9: =TABELA!A9 -> 46203 | B9: =TABELA!B9 -> 0.75 | C9: =TABELA!C9 -> França | D9: 4 | E9: x | F9: 1 | G9: =TABELA!G9 -> Suécia | H9: =TABELA!D9 -> n | I9: x | J9: =TABELA!F9 -> d | K9: =O9+P9+U9+AA9+AF9 -> 0 | O9: =IF(D9=H9,2,0) -> 0 | P9: =IF(F9=J9,2,0) -> 0 | Q9: =IF(O9+P9=4,5,0) -> 0 | S9: =IF(D9=F9,1,0) -> 0 | T9: =IF(H9=J9,1,0) -> 0 | U9: =IF(S9+T9=2,5,0) -> 0 | V9: =IF(Q9=5,0,U9) -> 0 | X9: =IF(D9>F9,1,0) -> 1 | Y9: =IF(H9>J9,1,0) -> 1 | Z9: =IF(X9+Y9=2,5,0) -> 5 | AA9: =IF(H9="n",0,Z9) -> 0 | AB9: =IF(Q9=5,0,AA9) -> 0 | AD9: =IF(D9<F9,1,0) -> 0 | AE9: =IF(H9<J9,1,0) -> 0 | AF9: =IF(AD9+AE9=2,5,0) -> 0 | AG9: =IF(Q9=5,0,AF9) -> 0
A11: =TABELA!A11 -> 46203 | B11: =TABELA!B11 -> 0.91666667 | C11: =TABELA!C11 -> México | D11: 1 | E11: x | F11: 2 | G11: =TABELA!G11 -> Equador | H11: =TABELA!D11 -> n | I11: x | J11: =TABELA!F11 -> d | K11: =O11+P11+U11+AA11+AF11 -> 0 | L11: B | O11: =IF(D11=H11,2,0) -> 0 | P11: =IF(F11=J11,2,0) -> 0 | Q11: =IF(O11+P11=4,5,0) -> 0 | S11: =IF(D11=F11,1,0) -> 0 | T11: =IF(H11=J11,1,0) -> 0 | U11: =IF(S11+T11=2,5,0) -> 0 | V11: =IF(Q11=5,0,U11) -> 0 | X11: =IF(D11>F11,1,0) -> 0 | Y11: =IF(H11>J11,1,0) -> 1 | Z11: =IF(X11+Y11=2,5,0) -> 0 | AA11: =IF(H11="n",0,Z11) -> 0 | AB11: =IF(Q11=5,0,AA11) -> 0 | AD11: =IF(D11<F11,1,0) -> 1 | AE11: =IF(H11<J11,1,0) -> 0 | AF11: =IF(AD11+AE11=2,5,0) -> 0 | AG11: =IF(Q11=5,0,AF11) -> 0
A12: =TABELA!A12 -> 46204 | B12: =TABELA!B12 -> 0.54166667 | C12: =TABELA!C12 -> Inglaterra | D12: 2 | E12: x | F12: 0 | G12: =TABELA!G12 -> Congo | H12: =TABELA!D12 -> n | I12: x | J12: =TABELA!F12 -> d | K12: =O12+P12+U12+AA12+AF12 -> 0 | O12: =IF(D12=H12,2,0) -> 0 | P12: =IF(F12=J12,2,0) -> 0 | Q12: =IF(O12+P12=4,5,0) -> 0 | S12: =IF(D12=F12,1,0) -> 0 | T12: =IF(H12=J12,1,0) -> 0 | U12: =IF(S12+T12=2,5,0) -> 0 | V12: =IF(Q12=5,0,U12) -> 0 | X12: =IF(D12>F12,1,0) -> 1 | Y12: =IF(H12>J12,1,0) -> 1 | Z12: =IF(X12+Y12=2,5,0) -> 5 | AA12: =IF(H12="n",0,Z12) -> 0 | AB12: =IF(Q12=5,0,AA12) -> 0 | AD12: =IF(D12<F12,1,0) -> 0 | AE12: =IF(H12<J12,1,0) -> 0 | AF12: =IF(AD12+AE12=2,5,0) -> 0 | AG12: =IF(Q12=5,0,AF12) -> 0
A13: =TABELA!A13 -> 46204 | B13: =TABELA!B13 -> 0.70833333 | C13: =TABELA!C13 -> Bélgica | D13: 0 | E13: x | F13: 1 | G13: =TABELA!G13 -> Senegal | H13: =TABELA!D13 -> n | I13: x | J13: =TABELA!F13 -> d | K13: =O13+P13+U13+AA13+AF13 -> 0 | O13: =IF(D13=H13,2,0) -> 0 | P13: =IF(F13=J13,2,0) -> 0 | Q13: =IF(O13+P13=4,5,0) -> 0 | S13: =IF(D13=F13,1,0) -> 0 | T13: =IF(H13=J13,1,0) -> 0 | U13: =IF(S13+T13=2,5,0) -> 0 | V13: =IF(Q13=5,0,U13) -> 0 | X13: =IF(D13>F13,1,0) -> 0 | Y13: =IF(H13>J13,1,0) -> 1 | Z13: =IF(X13+Y13=2,5,0) -> 0 | AA13: =IF(H13="n",0,Z13) -> 0 | AB13: =IF(Q13=5,0,AA13) -> 0 | AD13: =IF(D13<F13,1,0) -> 1 | AE13: =IF(H13<J13,1,0) -> 0 | AF13: =IF(AD13+AE13=2,5,0) -> 0 | AG13: =IF(Q13=5,0,AF13) -> 0
A14: =TABELA!A14 -> 46204 | B14: =TABELA!B14 -> 0.875 | C14: =TABELA!C14 -> Estados Unidos | D14: 3 | E14: x | F14: 1 | G14: =TABELA!G14 -> Bósnia | H14: =TABELA!D14 -> n | I14: x | J14: =TABELA!F14 -> d | K14: =O14+P14+U14+AA14+AF14 -> 0 | O14: =IF(D14=H14,2,0) -> 0 | P14: =IF(F14=J14,2,0) -> 0 | Q14: =IF(O14+P14=4,5,0) -> 0 | S14: =IF(D14=F14,1,0) -> 0 | T14: =IF(H14=J14,1,0) -> 0 | U14: =IF(S14+T14=2,5,0) -> 0 | V14: =IF(Q14=5,0,U14) -> 0 | X14: =IF(D14>F14,1,0) -> 1 | Y14: =IF(H14>J14,1,0) -> 1 | Z14: =IF(X14+Y14=2,5,0) -> 5 | AA14: =IF(H14="n",0,Z14) -> 0 | AB14: =IF(Q14=5,0,AA14) -> 0 | AD14: =IF(D14<F14,1,0) -> 0 | AE14: =IF(H14<J14,1,0) -> 0 | AF14: =IF(AD14+AE14=2,5,0) -> 0 | AG14: =IF(Q14=5,0,AF14) -> 0
A15: =TABELA!A15 -> 46205 | B15: =TABELA!B15 -> 0.66666667 | C15: Espanha | D15: 2 | E15: x | F15: 0 | G15: =TABELA!G15 -> Áustria | H15: =TABELA!D15 -> n | I15: x | J15: =TABELA!F15 -> d | K15: =O15+P15+U15+AA15+AF15 -> 0 | O15: =IF(D15=H15,2,0) -> 0 | P15: =IF(F15=J15,2,0) -> 0 | Q15: =IF(O15+P15=4,5,0) -> 0 | S15: =IF(D15=F15,1,0) -> 0 | T15: =IF(H15=J15,1,0) -> 0 | U15: =IF(S15+T15=2,5,0) -> 0 | V15: =IF(Q15=5,0,U15) -> 0 | X15: =IF(D15>F15,1,0) -> 1 | Y15: =IF(H15>J15,1,0) -> 1 | Z15: =IF(X15+Y15=2,5,0) -> 5 | AA15: =IF(H15="n",0,Z15) -> 0 | AB15: =IF(Q15=5,0,AA15) -> 0 | AD15: =IF(D15<F15,1,0) -> 0 | AE15: =IF(H15<J15,1,0) -> 0 | AF15: =IF(AD15+AE15=2,5,0) -> 0 | AG15: =IF(Q15=5,0,AF15) -> 0
A16: =TABELA!A16 -> 46205 | B16: =TABELA!B16 -> 0.83333333 | C16: =TABELA!C16 -> Portugal | D16: 1 | E16: x | F16: 1 | G16: =TABELA!G16 -> Croácia | H16: =TABELA!D16 -> n | I16: x | J16: =TABELA!F16 -> d | K16: =O16+P16+U16+AA16+AF16 -> 0 | O16: =IF(D16=H16,2,0) -> 0 | P16: =IF(F16=J16,2,0) -> 0 | Q16: =IF(O16+P16=4,5,0) -> 0 | S16: =IF(D16=F16,1,0) -> 1 | T16: =IF(H16=J16,1,0) -> 0 | U16: =IF(S16+T16=2,5,0) -> 0 | V16: =IF(Q16=5,0,U16) -> 0 | X16: =IF(D16>F16,1,0) -> 0 | Y16: =IF(H16>J16,1,0) -> 1 | Z16: =IF(X16+Y16=2,5,0) -> 0 | AA16: =IF(H16="n",0,Z16) -> 0 | AB16: =IF(Q16=5,0,AA16) -> 0 | AD16: =IF(D16<F16,1,0) -> 0 | AE16: =IF(H16<J16,1,0) -> 0 | AF16: =IF(AD16+AE16=2,5,0) -> 0 | AG16: =IF(Q16=5,0,AF16) -> 0
A18: =TABELA!A18 -> 46206 | B18: =TABELA!B18 -> 0 | C18: =TABELA!C18 -> Suíça | D18: 2 | E18: x | F18: 0 | G18: =TABELA!G18 -> Argélia | H18: =TABELA!D18 -> n | I18: x | J18: =TABELA!F18 -> d | K18: =O18+P18+U18+AA18+AF18 -> 0 | L18: C | O18: =IF(D18=H18,2,0) -> 0 | P18: =IF(F18=J18,2,0) -> 0 | Q18: =IF(O18+P18=4,5,0) -> 0 | S18: =IF(D18=F18,1,0) -> 0 | T18: =IF(H18=J18,1,0) -> 0 | U18: =IF(S18+T18=2,5,0) -> 0 | V18: =IF(Q18=5,0,U18) -> 0 | X18: =IF(D18>F18,1,0) -> 1 | Y18: =IF(H18>J18,1,0) -> 1 | Z18: =IF(X18+Y18=2,5,0) -> 5 | AA18: =IF(H18="n",0,Z18) -> 0 | AB18: =IF(Q18=5,0,AA18) -> 0 | AD18: =IF(D18<F18,1,0) -> 0 | AE18: =IF(H18<J18,1,0) -> 0 | AF18: =IF(AD18+AE18=2,5,0) -> 0 | AG18: =IF(Q18=5,0,AF18) -> 0
A20: =TABELA!A20 -> 46206 | B20: =TABELA!B20 -> 0.625 | C20: =TABELA!C20 -> Austrália | D20: 1 | E20: x | F20: 1 | G20: =TABELA!G20 -> Egito | H20: =TABELA!D20 -> n | I20: x | J20: =TABELA!F20 -> d | K20: =O20+P20+U20+AA20+AF20 -> 0 | O20: =IF(D20=H20,2,0) -> 0 | P20: =IF(F20=J20,2,0) -> 0 | Q20: =IF(O20+P20=4,5,0) -> 0 | S20: =IF(D20=F20,1,0) -> 1 | T20: =IF(H20=J20,1,0) -> 0 | U20: =IF(S20+T20=2,5,0) -> 0 | V20: =IF(Q20=5,0,U20) -> 0 | X20: =IF(D20>F20,1,0) -> 0 | Y20: =IF(H20>J20,1,0) -> 1 | Z20: =IF(X20+Y20=2,5,0) -> 0 | AA20: =IF(H20="n",0,Z20) -> 0 | AB20: =IF(Q20=5,0,AA20) -> 0 | AD20: =IF(D20<F20,1,0) -> 0 | AE20: =IF(H20<J20,1,0) -> 0 | AF20: =IF(AD20+AE20=2,5,0) -> 0 | AG20: =IF(Q20=5,0,AF20) -> 0
A22: =TABELA!A22 -> 46206 | B22: =TABELA!B22 -> 0.79166667 | C22: =TABELA!C22 -> Argentina | D22: 2 | E22: x | F22: 0 | G22: =TABELA!G22 -> Cabo Verde | H22: =TABELA!D22 -> n | I22: x | J22: =TABELA!F22 -> d | K22: =O22+P22+U22+AA22+AF22 -> 0 | O22: =IF(D22=H22,2,0) -> 0 | P22: =IF(F22=J22,2,0) -> 0 | Q22: =IF(O22+P22=4,5,0) -> 0 | S22: =IF(D22=F22,1,0) -> 0 | T22: =IF(H22=J22,1,0) -> 0 | U22: =IF(S22+T22=2,5,0) -> 0 | V22: =IF(Q22=5,0,U22) -> 0 | X22: =IF(D22>F22,1,0) -> 1 | Y22: =IF(H22>J22,1,0) -> 1 | Z22: =IF(X22+Y22=2,5,0) -> 5 | AA22: =IF(H22="n",0,Z22) -> 0 | AB22: =IF(Q22=5,0,AA22) -> 0 | AD22: =IF(D22<F22,1,0) -> 0 | AE22: =IF(H22<J22,1,0) -> 0 | AF22: =IF(AD22+AE22=2,5,0) -> 0 | AG22: =IF(Q22=5,0,AF22) -> 0
A24: =TABELA!A24 -> 46206 | B24: =TABELA!B24 -> 0.9375 | C24: Colômbia | D24: 3 | E24: x | F24: 2 | G24: Gana | H24: =TABELA!D24 -> n | I24: x | J24: =TABELA!F24 -> d | K24: =O24+P24+U24+AA24+AF24 -> 0 | O24: =IF(D24=H24,2,0) -> 0 | P24: =IF(F24=J24,2,0) -> 0 | Q24: =IF(O24+P24=4,5,0) -> 0 | S24: =IF(D24=F24,1,0) -> 0 | T24: =IF(H24=J24,1,0) -> 0 | U24: =IF(S24+T24=2,5,0) -> 0 | V24: =IF(Q24=5,0,U24) -> 0 | X24: =IF(D24>F24,1,0) -> 1 | Y24: =IF(H24>J24,1,0) -> 1 | Z24: =IF(X24+Y24=2,5,0) -> 5 | AA24: =IF(H24="n",0,Z24) -> 0 | AB24: =IF(Q24=5,0,AA24) -> 0 | AD24: =IF(D24<F24,1,0) -> 0 | AE24: =IF(H24<J24,1,0) -> 0 | AF24: =IF(AD24+AE24=2,5,0) -> 0 | AG24: =IF(Q24=5,0,AF24) -> 0
A26: 46207 | B26: 0.58333333 | E26: x | H26: n | I26: x | J26: d | K26: =O26+P26+U26+AA26+AF26 -> 0 | O26: =IF(D26=H26,2,0) -> 0 | P26: =IF(F26=J26,2,0) -> 0 | Q26: =IF(O26+P26=4,5,0) -> 0 | S26: =IF(D26=F26,1,0) -> 1 | T26: =IF(H26=J26,1,0) -> 0 | U26: =IF(S26+T26=2,5,0) -> 0 | V26: =IF(Q26=5,0,U26) -> 0 | X26: =IF(D26>F26,1,0) -> 0 | Y26: =IF(H26>J26,1,0) -> 1 | Z26: =IF(X26+Y26=2,5,0) -> 0 | AA26: =IF(H26="n",0,Z26) -> 0 | AB26: =IF(Q26=5,0,AA26) -> 0 | AD26: =IF(D26<F26,1,0) -> 0 | AE26: =IF(H26<J26,1,0) -> 0 | AF26: =IF(AD26+AE26=2,5,0) -> 0 | AG26: =IF(Q26=5,0,AF26) -> 0
A28: 46207 | B28: 0.75 | E28: x | H28: n | I28: x | J28: d | K28: =O28+P28+U28+AA28+AF28 -> 0 | O28: =IF(D28=H28,2,0) -> 0 | P28: =IF(F28=J28,2,0) -> 0 | Q28: =IF(O28+P28=4,5,0) -> 0 | S28: =IF(D28=F28,1,0) -> 1 | T28: =IF(H28=J28,1,0) -> 0 | U28: =IF(S28+T28=2,5,0) -> 0 | V28: =IF(Q28=5,0,U28) -> 0 | X28: =IF(D28>F28,1,0) -> 0 | Y28: =IF(H28>J28,1,0) -> 1 | Z28: =IF(X28+Y28=2,5,0) -> 0 | AA28: =IF(H28="n",0,Z28) -> 0 | AB28: =IF(Q28=5,0,AA28) -> 0 | AD28: =IF(D28<F28,1,0) -> 0 | AE28: =IF(H28<J28,1,0) -> 0 | AF28: =IF(AD28+AE28=2,5,0) -> 0 | AG28: =IF(Q28=5,0,AF28) -> 0
A31: 46208 | B31: 0.70833333 | E31: x | H31: n | I31: x | J31: d | K31: =O31+P31+U31+AA31+AF31 -> 0 | L31: D | O31: =IF(D31=H31,2,0) -> 0 | P31: =IF(F31=J31,2,0) -> 0 | Q31: =IF(O31+P31=4,5,0) -> 0 | S31: =IF(D31=F31,1,0) -> 1 | T31: =IF(H31=J31,1,0) -> 0 | U31: =IF(S31+T31=2,5,0) -> 0 | V31: =IF(Q31=5,0,U31) -> 0 | X31: =IF(D31>F31,1,0) -> 0 | Y31: =IF(H31>J31,1,0) -> 1 | Z31: =IF(X31+Y31=2,5,0) -> 0 | AA31: =IF(H31="n",0,Z31) -> 0 | AB31: =IF(Q31=5,0,AA31) -> 0 | AD31: =IF(D31<F31,1,0) -> 0 | AE31: =IF(H31<J31,1,0) -> 0 | AF31: =IF(AD31+AE31=2,5,0) -> 0 | AG31: =IF(Q31=5,0,AF31) -> 0
A33: 46208 | B33: 0.875 | E33: x | H33: n | I33: x | J33: d | K33: =O33+P33+U33+AA33+AF33 -> 0 | O33: =IF(D33=H33,2,0) -> 0 | P33: =IF(F33=J33,2,0) -> 0 | Q33: =IF(O33+P33=4,5,0) -> 0 | S33: =IF(D33=F33,1,0) -> 1 | T33: =IF(H33=J33,1,0) -> 0 | U33: =IF(S33+T33=2,5,0) -> 0 | V33: =IF(Q33=5,0,U33) -> 0 | X33: =IF(D33>F33,1,0) -> 0 | Y33: =IF(H33>J33,1,0) -> 1 | Z33: =IF(X33+Y33=2,5,0) -> 0 | AA33: =IF(H33="n",0,Z33) -> 0 | AB33: =IF(Q33=5,0,AA33) -> 0 | AD33: =IF(D33<F33,1,0) -> 0 | AE33: =IF(H33<J33,1,0) -> 0 | AF33: =IF(AD33+AE33=2,5,0) -> 0 | AG33: =IF(Q33=5,0,AF33) -> 0
A35: 46209 | B35: 0.66666667 | E35: x | H35: n | I35: x | J35: d | K35: =O35+P35+U35+AA35+AF35 -> 0 | O35: =IF(D35=H35,2,0) -> 0 | P35: =IF(F35=J35,2,0) -> 0 | Q35: =IF(O35+P35=4,5,0) -> 0 | S35: =IF(D35=F35,1,0) -> 1 | T35: =IF(H35=J35,1,0) -> 0 | U35: =IF(S35+T35=2,5,0) -> 0 | V35: =IF(Q35=5,0,U35) -> 0 | X35: =IF(D35>F35,1,0) -> 0 | Y35: =IF(H35>J35,1,0) -> 1 | Z35: =IF(X35+Y35=2,5,0) -> 0 | AA35: =IF(H35="n",0,Z35) -> 0 | AB35: =IF(Q35=5,0,AA35) -> 0 | AD35: =IF(D35<F35,1,0) -> 0 | AE35: =IF(H35<J35,1,0) -> 0 | AF35: =IF(AD35+AE35=2,5,0) -> 0 | AG35: =IF(Q35=5,0,AF35) -> 0
A37: 46209 | B37: 0.875 | E37: x | H37: n | I37: x | J37: d | K37: =O37+P37+U37+AA37+AF37 -> 0 | O37: =IF(D37=H37,2,0) -> 0 | P37: =IF(F37=J37,2,0) -> 0 | Q37: =IF(O37+P37=4,5,0) -> 0 | S37: =IF(D37=F37,1,0) -> 1 | T37: =IF(H37=J37,1,0) -> 0 | U37: =IF(S37+T37=2,5,0) -> 0 | V37: =IF(Q37=5,0,U37) -> 0 | X37: =IF(D37>F37,1,0) -> 0 | Y37: =IF(H37>J37,1,0) -> 1 | Z37: =IF(X37+Y37=2,5,0) -> 0 | AA37: =IF(H37="n",0,Z37) -> 0 | AB37: =IF(Q37=5,0,AA37) -> 0 | AD37: =IF(D37<F37,1,0) -> 0 | AE37: =IF(H37<J37,1,0) -> 0 | AF37: =IF(AD37+AE37=2,5,0) -> 0 | AG37: =IF(Q37=5,0,AF37) -> 0
A39: 46210 | B39: 0.54166667 | E39: x | H39: n | I39: x | J39: d | K39: =O39+P39+U39+AA39+AF39 -> 0 | O39: =IF(D39=H39,2,0) -> 0 | P39: =IF(F39=J39,2,0) -> 0 | Q39: =IF(O39+P39=4,5,0) -> 0 | S39: =IF(D39=F39,1,0) -> 1 | T39: =IF(H39=J39,1,0) -> 0 | U39: =IF(S39+T39=2,5,0) -> 0 | V39: =IF(Q39=5,0,U39) -> 0 | X39: =IF(D39>F39,1,0) -> 0 | Y39: =IF(H39>J39,1,0) -> 1 | Z39: =IF(X39+Y39=2,5,0) -> 0 | AA39: =IF(H39="n",0,Z39) -> 0 | AB39: =IF(Q39=5,0,AA39) -> 0 | AD39: =IF(D39<F39,1,0) -> 0 | AE39: =IF(H39<J39,1,0) -> 0 | AF39: =IF(AD39+AE39=2,5,0) -> 0 | AG39: =IF(Q39=5,0,AF39) -> 0
A41: 46210 | B41: 0.70833333 | E41: x | H41: n | I41: x | J41: d | K41: =O41+P41+U41+AA41+AF41 -> 0 | O41: =IF(D41=H41,2,0) -> 0 | P41: =IF(F41=J41,2,0) -> 0 | Q41: =IF(O41+P41=4,5,0) -> 0 | S41: =IF(D41=F41,1,0) -> 1 | T41: =IF(H41=J41,1,0) -> 0 | U41: =IF(S41+T41=2,5,0) -> 0 | V41: =IF(Q41=5,0,U41) -> 0 | X41: =IF(D41>F41,1,0) -> 0 | Y41: =IF(H41>J41,1,0) -> 1 | Z41: =IF(X41+Y41=2,5,0) -> 0 | AA41: =IF(H41="n",0,Z41) -> 0 | AB41: =IF(Q41=5,0,AA41) -> 0 | AD41: =IF(D41<F41,1,0) -> 0 | AE41: =IF(H41<J41,1,0) -> 0 | AF41: =IF(AD41+AE41=2,5,0) -> 0 | AG41: =IF(Q41=5,0,AF41) -> 0
A44: 46212 | B44: 0.70833333 | E44: x | H44: n | I44: x | J44: d | K44: =O44+P44+U44+AA44+AF44 -> 0 | L44: E | O44: =IF(D44=H44,2,0) -> 0 | P44: =IF(F44=J44,2,0) -> 0 | Q44: =IF(O44+P44=4,5,0) -> 0 | S44: =IF(D44=F44,1,0) -> 1 | T44: =IF(H44=J44,1,0) -> 0 | U44: =IF(S44+T44=2,5,0) -> 0 | V44: =IF(Q44=5,0,U44) -> 0 | X44: =IF(D44>F44,1,0) -> 0 | Y44: =IF(H44>J44,1,0) -> 1 | Z44: =IF(X44+Y44=2,5,0) -> 0 | AA44: =IF(H44="n",0,Z44) -> 0 | AB44: =IF(Q44=5,0,AA44) -> 0 | AD44: =IF(D44<F44,1,0) -> 0 | AE44: =IF(H44<J44,1,0) -> 0 | AF44: =IF(AD44+AE44=2,5,0) -> 0 | AG44: =IF(Q44=5,0,AF44) -> 0
A46: 46213 | B46: 0.66666667 | E46: x | H46: n | I46: x | J46: d | K46: =O46+P46+U46+AA46+AF46 -> 0 | O46: =IF(D46=H46,2,0) -> 0 | P46: =IF(F46=J46,2,0) -> 0 | Q46: =IF(O46+P46=4,5,0) -> 0 | S46: =IF(D46=F46,1,0) -> 1 | T46: =IF(H46=J46,1,0) -> 0 | U46: =IF(S46+T46=2,5,0) -> 0 | V46: =IF(Q46=5,0,U46) -> 0 | X46: =IF(D46>F46,1,0) -> 0 | Y46: =IF(H46>J46,1,0) -> 1 | Z46: =IF(X46+Y46=2,5,0) -> 0 | AA46: =IF(H46="n",0,Z46) -> 0 | AB46: =IF(Q46=5,0,AA46) -> 0 | AD46: =IF(D46<F46,1,0) -> 0 | AE46: =IF(H46<J46,1,0) -> 0 | AF46: =IF(AD46+AE46=2,5,0) -> 0 | AG46: =IF(Q46=5,0,AF46) -> 0
A48: 46214 | B48: 0.75 | E48: x | H48: n | I48: x | J48: d | K48: =O48+P48+U48+AA48+AF48 -> 0 | O48: =IF(D48=H48,2,0) -> 0 | P48: =IF(F48=J48,2,0) -> 0 | Q48: =IF(O48+P48=4,5,0) -> 0 | S48: =IF(D48=F48,1,0) -> 1 | T48: =IF(H48=J48,1,0) -> 0 | U48: =IF(S48+T48=2,5,0) -> 0 | V48: =IF(Q48=5,0,U48) -> 0 | X48: =IF(D48>F48,1,0) -> 0 | Y48: =IF(H48>J48,1,0) -> 1 | Z48: =IF(X48+Y48=2,5,0) -> 0 | AA48: =IF(H48="n",0,Z48) -> 0 | AB48: =IF(Q48=5,0,AA48) -> 0 | AD48: =IF(D48<F48,1,0) -> 0 | AE48: =IF(H48<J48,1,0) -> 0 | AF48: =IF(AD48+AE48=2,5,0) -> 0 | AG48: =IF(Q48=5,0,AF48) -> 0
A50: 46214 | B50: 0.91666667 | E50: x | H50: n | I50: x | J50: d | K50: =O50+P50+U50+AA50+AF50 -> 0 | O50: =IF(D50=H50,2,0) -> 0 | P50: =IF(F50=J50,2,0) -> 0 | Q50: =IF(O50+P50=4,5,0) -> 0 | S50: =IF(D50=F50,1,0) -> 1 | T50: =IF(H50=J50,1,0) -> 0 | U50: =IF(S50+T50=2,5,0) -> 0 | V50: =IF(Q50=5,0,U50) -> 0 | X50: =IF(D50>F50,1,0) -> 0 | Y50: =IF(H50>J50,1,0) -> 1 | Z50: =IF(X50+Y50=2,5,0) -> 0 | AA50: =IF(H50="n",0,Z50) -> 0 | AB50: =IF(Q50=5,0,AA50) -> 0 | AD50: =IF(D50<F50,1,0) -> 0 | AE50: =IF(H50<J50,1,0) -> 0 | AF50: =IF(AD50+AE50=2,5,0) -> 0 | AG50: =IF(Q50=5,0,AF50) -> 0
A52: 46217 | B52: 0.66666667 | E52: x | H52: n | I52: x | J52: d | K52: =O52+P52+U52+AA52+AF52 -> 0 | O52: =IF(D52=H52,2,0) -> 0 | P52: =IF(F52=J52,2,0) -> 0 | Q52: =IF(O52+P52=4,5,0) -> 0 | S52: =IF(D52=F52,1,0) -> 1 | T52: =IF(H52=J52,1,0) -> 0 | U52: =IF(S52+T52=2,5,0) -> 0 | V52: =IF(Q52=5,0,U52) -> 0 | X52: =IF(D52>F52,1,0) -> 0 | Y52: =IF(H52>J52,1,0) -> 1 | Z52: =IF(X52+Y52=2,5,0) -> 0 | AA52: =IF(H52="n",0,Z52) -> 0 | AB52: =IF(Q52=5,0,AA52) -> 0 | AD52: =IF(D52<F52,1,0) -> 0 | AE52: =IF(H52<J52,1,0) -> 0 | AF52: =IF(AD52+AE52=2,5,0) -> 0 | AG52: =IF(Q52=5,0,AF52) -> 0
